index,order_id,item_id,cmt_id,user_id,comment,rating_star,author_username,anonymous
0,109847387125670,10051053881,8806602447,152695754,"Shipper nhi·ªát t√¨nh, nhanh nh·∫πn
Shop t∆∞ v·∫•n chu ƒë√°o, tr·∫£ l·ªùi nhanh. 
B·ªçc h√†ng ch·∫Øc ch·∫Øn, nhi·ªÅu l·ªõp, m√†u ƒë·∫πp nh∆∞ m√¨nh th√≠ch lu√¥n, c√¢n chu·∫©n. Gi√° c·∫£ h·ª£p l√Ω:))",5,linh_phinh,False
1,87825201037892,10051053881,6326386352,71295456,"Shop giao h√†ng c·ª±c k·ª≥ nhanh, ƒë√≥ng g√≥i th√¨ si√™u si√™u ch·∫Øc ch·∫Øn lu√¥n ·∫•y üòÇ
C√¢n d√πng t·ªët nha, c√¢n n√†y l√† s·∫°c pin n√™n m√¨nh th√≠ch h∆°n lo·∫°i thay pin phi·ªÅn ph·ª©c kh√°c, shop k√®m theo d√¢y s·∫°c cho c√¢n n·ªØa
C√¢n th√¨ m√†u ƒë·∫πp kh·ªèi b√†n r kkk ü•∞
10 ƒëi·ªÉm cho ch·∫•t l∆∞·ª£ng nha",5,hongphuong_27698,False
2,85996849434692,10051053881,6130868025,178805548,"C√¢n x·ªãn l·∫Øm mn ∆°i n√™n mua nh√©, m√†u h·ªìng si√™u xinh v·ªõi m·∫•y ƒë·ª©a th√≠ch b√°nh b√®o nh∆∞ m√¨nh, c√¢n v·ª´a sd s·∫°c v·ª´a c√≥ th·ªÉ x√†i pin lu√¥n qu√° ti·ªán d·ª•ng, ngo√†i c√¢n h·ªôp c√≤n k√®m theo d√¢y s·∫°c, g√≥i h√†ng sd bao ch·ªëng s·ªëc r·∫•t kƒ© c√†ng lu√¥n. ƒë√°nh gi√° shop 5 sao ch·∫•t l∆∞·ª£ng c·∫£ s·∫£n ph·∫©m l·∫´n ph·ª•c v·ª•.",5,hathuong3320,False
3,87405843208668,10051053881,6244407613,239676927,H√†ng v·ªÅ si√™u nhanh. B·ªçc k√≠n v·ªõi ch·∫Øc l·∫Øm lun. M√†u th√¨ ko gi·ªëng h√¨nh nh∆∞ng ch·∫•t l∆∞·ª£ng kh√° t·ªët n√™n 5*. C√≥ t·∫∑ng k√®m d√¢y s·∫°c. Ch·ªët l·∫°i n√™n mua nhen!,5,n*****k,True
4,109868659159223,10051053881,8808365638,203034626,"Ch·∫•t l∆∞·ª£ng s·∫£n ph·∫©m:Ch·∫•t li·ªáu c√¢n t·ªët, c·∫ßm r·∫•t th√≠ch, c√¢n ƒëo chu·∫©n t·ª´ng gram lu√¥n ·∫°. Test m·∫•y l·∫ßn ƒë·ªÅu ch√≠nh x√°c
ƒê√∫ng v·ªõi m√¥ t·∫£:C√¢n ho√†n to√†n chu·∫©n so v·ªõi m√¥ t·∫£ hi·ªán t·∫°i, ƒë·ªß s·∫°c v√† HDSD ƒëi k√®m

C√¢n xinh l·∫Øm ·∫°, m√†u h·ªìng cute x·ªâu ngang lu√¥n. M√¨nh decor cƒÉn b·∫øp m√†u h·ªìng n√™n sƒÉn m√£i m·ªõi ƒë∆∞·ª£c chi·∫øc c√¢n ∆∞ng √Ω th·∫ø n√†y. Shop c√≤n nhi·ªát t√¨nh h∆∞·ªõng d·∫´n m√¨nh c√°ch c√¢n. Giao H√† N·ªôi kh√° nhanh 1 ng√†y ‚ù§",5,mrtamtretau,False
5,85917644347446,10051053881,6087019588,10202544,"Shop giao h√†ng nhanh
ƒê√≥ng g√≥i c·∫©n th·∫≠n
M√†u h·ªìng h∆°i cho√© t√≠ kkk
Nh∆∞ng ksao
C√¢n th·ª≠ th·∫•y nh·∫°y. Tks shop",5,anhhdaonguyen,False
6,87375915254126,10051053881,6316193997,111323461,"Shop chu·∫©n b·ªã h√†ng nhanh, ƒë√≥ng g√≥i c·∫©n th·∫≠n, c√¢n ho·∫°t ƒë·ªông t·ªët, c√¢n ƒëc nh·ªØng v·∫≠t r·∫•t nh·ªè, s·∫Ω ·ªßng h·ªô",5,huynhngan1612,False
7,86077665378111,10051053881,6097998134,23304564,C√¢n xinh xƒÉn. Shop ƒë√≥ng g√≥i c·∫©n th·∫≠n. D√πng m√†y n√†y th√¨ s·∫°ch s·∫Ω l·∫Øm lu√¥n. M c√¢n th·ª≠ th·∫•y kh√° chu·∫©n. D√πng s·∫°c n√™n ti·ªán l·ª£i,5,maithanhxachtaynhat,False
8,85995498288069,10051053881,6086834791,147970571,"Shop ƒë√≥ng g√≥i h√†ng r·∫•t c·∫©n th·∫≠n, c√¢n d·ªÖ d√πng, m√†u xinh. Vote 5 sao cho shopp",5,t*****9,True
9,85985646342623,10051053881,6080550731,7539937,"M√¨nh nh·∫≠n ƒë∆∞∆°c h√†ng r nha, giao h√†ng r·∫•t nhanh b·ªçc c·∫©n th·∫≠n, c√≥ d√¢y s·∫°c tr√¥ng kh√° x·ªãn x√≤",5,hanashop.mebe,False
10,87416368453243,10051053881,6308439310,7464366,C√¢n ƒë·∫πp l·∫Øm ·∫°. D√πng ƒë·ªÉ c√¢n c√°c h√†ng linh tinh okai l·∫Øm nhe. S·∫Ω ·ªßng h·ªô shop ti·∫øp ·∫°,5,nhathuocchau98,False
11,85919645364368,10051053881,6109628073,309038305,"Giao h√†ng h∆°i l√¢u do d·ªãch , s·∫£n ph·∫©m y h√¨nh , gi√° th√†nh r·∫ª , mua h√†ng c·ªßa shop 1-2 sp r·ªìi kh√° ∆∞ng c·∫£ kh√¢u ƒë√≥ng g√≥i ch·∫Øc ch·∫Øn l·∫´n d·ªãch v·ª• cskh",5,dl3012,False
12,85919016252191,10051053881,6084773969,141862156,"ƒê√≥ng g√≥i c·∫©n th·∫≠n, giao h√†ng nhanh, c√¢n chu·∫©n, c√≥ c·∫£ ch·ª©c nƒÉng tr·ª´ b√¨, s·∫£n ph·∫©m ch·∫•t l∆∞·ª£ng.",5,lantoba2722,False
13,109833851153654,10051053881,8806922602,84068644,"C√¢n x·ªãn, m√†u ƒë·∫πp qu√° ·∫°. Hihi. C√¢n c·∫ßm ch·∫Øc tay ko nh∆∞ lo·∫°i trc m√¨nh mua. C√≤n c√≥ c·∫£ s·∫°c. Gi√° c·∫£ ph·∫£i ch·∫≥ng. ƒê·∫πp. Shop mall ƒë√≥ng h√†ng ch·ªëng x·ªëc si√™u c·∫©n th·∫≠n. Tks shop!!",5,huyenken11,False
14,88144435419713,10051053881,6416471274,12554725,"Giao h√†ng ch·∫≠m, ƒë√≥ng g√≥i c·∫©n th·∫≠n. C√¢n nh·∫π, l·ªó c·∫Øm s·∫°c nh√¨n ·ªçp ·∫πp ko ƒë·∫πp l·∫Øm. D√πng th·ª≠ th·∫•y c≈©ng ok, ƒëi·ªÉm c·ªông l√† ko c·∫ßn d√πng pin, m√†u s·∫Øc v√† h√¨nh d√°ng ko ƒëc ƒë·∫πp l·∫Øm d√πng cho gia ƒë√¨nh ·ªïn nh∆∞ng n·∫øu c√≥ ƒëk n√™n mua lo·∫°i t·ªët h∆°n.",5,juliannguyen,False
15,86018594058726,10051053881,6113812257,79350797,"Shop ƒë√≥ng g√≥i r·∫•t ky, ch·ªëng s·ªëc nhi·ªÅu l·ªõp. C√¢n nh·∫π, nh·ªè g·ªçn, d·ªÖ di chuy·ªÉn, d·ªÖ s·ª≠ d·ª•ng. Mua v·ªÅ l√†m b√°nh cho ch√≠nh x√°c üòÅ ch·ªâ c√≥ c√°i m√†u n√≥ h∆°i kh√°c 1 x√≠",5,d*****1,True
16,87534004102654,10051053881,6256791604,32998517,"Shop ƒë√≥ng g√≥i c·∫©n th·∫≠n, giao h√†ng nhanh. H√†ng chu·∫©n ok, c√¢n nh·∫°y l·∫Øm, ch·∫•t l∆∞·ª£ng t·ªët so vs gi√°, m·ªçi ng∆∞·ªùi n√™n mua nh√©. C·∫£m ∆°n shop",5,u*****0,True
17,87500021156709,10051053881,6394266028,394838498,"C√¢n b·∫±ng nh·ª±a. Nh√¨n ko ƒëc ƒë·∫πp l·∫Øm. C√¢n c√≥ sai s·ªë. Ko ƒëc ch√≠nh x√°c. Shop giao thi·∫øu s·∫°c cho m√¨nh. ƒê√£ li√™n h·ªá shop, shop nh·∫Øn g·ª≠i l·∫°i ti·ªÅn s·∫°c m√¨nh, m√¨nh li√™n h·ªá l·∫°i nh∆∞ng ko th·∫•y shop ph·∫£n h·ªìi. Ko h√†i l√≤ng l·∫Øm.",3,987zq9rq3o,False
18,85916243158674,10051053881,6117438295,23538851,"C√¢n nh·∫π mini r·∫•t ti·ªán d·ª•ng. 
c√¢n ƒë∆∞·ª£c c·∫£ t·ªù gi·∫•y nh√©, c√¢n r·∫•t nh·∫≠y. C√¢n ƒëi c√¢n l·∫°i v·∫´n ƒë√∫ng k b·ªã nh·∫£y lung tung.
D·ªãch nh∆∞ng giao h√†ng v·∫´n nhanh nh∆∞ b√¨nh th∆∞·ªùng.",5,p*****b,True
19,85995428463638,10051053881,6101722193,64333706,"ƒê√≥ng g√≥i c·∫©n th·∫≠n, c√¢n nh∆∞ h√¨nh, ƒë·ªô b·ªÅn th√¨ d√πng 1 tg m·ªõi ƒë√°nh gi√° ƒë∆∞·ª£c",5,nguyenh.hoa,False
20,86000518220175,10051053881,6092620271,3949744,"ƒê√£ nh·∫≠n dc h√†ng, h√†ng ƒë√≥ng g√≥i ƒë·∫πp, m√¨nh th√≠ch v√¨ c√≥ d√¢y s·∫°c ch·ª© k ph·∫£i d√πng pin nh∆∞ c√°c c√°i kh√°c, ∆∞ng √Ω lu√¥n",5,sisami,False
21,85989459281663,10051053881,6075166992,42465135,"Giao h√†ng nhanh
Shop ƒë√≥ng g√≥i c·∫©n th·∫©n
C√¢n s·ª≠ d·ª•ng t·ªët
C√¢n chu·∫©n
M·ªçi ng∆∞·ªùi n√™n mua nha",5,hachihachi1908,False
22,85919321398011,10051053881,6099357356,70740184,"M·∫ßu ƒë·∫πp ƒë√°ng y√™u! C√¢n chu·∫©n, m√¨nh c√¢n th·ª≠ t·ªù gi·∫•y m√† c≈©ng c√¢n ƒëc! mong ho·∫°t ƒë·ªông t·ªët! C√≥ c·∫£ th∆∞ c·∫£m ∆°n thanks shop!",5,longnhung81,False
23,87579611097253,10051053881,6312269404,76700261,"Ch·∫•t l∆∞·ª£ng s·∫£n ph·∫©m r·∫•t ·ªïn, h√†ng ƒë∆∞·ª£c ƒë√≥ng g√≥i kƒ©, c√≥ h·ªôp gi·∫•y v√† b·ªçc ch·ªëng s·ªëc. C√≥ th·ªÉ d√πng pin ho·∫∑c d√¢y s·∫°c.
C√¢n ƒë√∫ng, c√≥ ch·ª©c nƒÉng b√π tr·ª´, c√≥ th·ªÉ ƒë·ªïi t·ª´ gam sang oz
C√¢n b·∫±ng nh·ª±a mua vs gi√° n√†y l√† h·ª£p l√≠
ƒê√°ng mua d√†nh cho n·∫•u ƒÉn gia ƒë√¨nh",5,chauulam,False
24,89820963067538,10051053881,6552494494,320627376,"S·∫£n ph·∫©m giao nhanh, g√≥i h√†ng ch·∫Øn ch·∫Øn giao ƒë√∫ng m√†u c√≤n ko bi·∫øt l√† c√≥ c√¢n ch√≠nh s√°t ko...nh∆∞ng v·ªõi s·ªë ti·ªÅn nh∆∞ v·∫≠y th√¨ c≈©ng h·ª£p l√≠",5,hong_mo_1507,False
25,88090864036728,10051053881,6377460419,550853750,"C√¢n m√†u ƒë·∫≠m h∆°n tr√™n h√¨nh nh√©, nh·ªè nh·ªè xinh xinh nh∆∞ ƒë·ªì h√†ng, m√¨nh c√¢n th·ª≠ th√¨ v·∫´n ch√™nh l·ªách k bi·∫øt l√† tr·ª´ b√¨ hay sao ,giao h√†ng nhanh, shiper nhi·ªát t√¨nh",5,t*****5,True
26,85916537035182,10051053881,6096758302,497215007,"S·∫£n ph·∫©m d√πng r·∫•t t·ªët, m√†u h·ªìng cute x·ªâu, gi√° c·∫£ ph·∫£i chƒÉng, sau m√¨nh s·∫Ω ·ªßng h·ªô ti·∫øp",5,bookpen.store,False
27,109089826567154,10051053881,8778040783,305432749,"D√≤ng Coloring Postcard (thi·ªáp t√¥ m√†u) SelfArt k·∫øt h·ª£p v·ªõi Chono.phm ch·ªß ƒë·ªÅ ""B√¨nh y√™n"".

""Xin ch√†o! M√¨nh l√† Chono - m·ªôt ng∆∞·ªùi v·∫Ω minh ho·∫° t·ª± do t·∫°i Vi·ªát Nam. Hai nƒÉm Covid v·ª´a qua m√¨nh ƒë√£ ph·∫£i t·∫°m d·ª´ng c√¥ng vi·ªác vƒÉn ph√≤ng v√† t√¨m l·∫°i s·ªü th√≠ch c·ªßa m√¨nh tr∆∞·ªõc ƒë√¢y - ƒë√≥ l√† v·∫Ω v·ªùi.
 M·ªói b·ª©c tranh m√¨nh v·∫Ω ƒë",5,hang11102001,False
28,109791504142728,10051053881,8852358764,47187675,"Ch·∫•t l∆∞·ª£ng s·∫£n ph·∫©m:t·ªët

SƒÉn ƒë∆∞·ª£c v·ªõi gi√° r·∫ª, chywa d√πng n√™n ch∆∞a ƒë√°nh gi√° nh∆∞ng giao h√†ng kh√° nhanh",5,tiemcuapo.vn,False
29,108977527618654,10051053881,8761771331,84968083,"C√¢n xinh x·ªâu lu√¥n, c√¢n l√™n s·ªë ƒë√∫ng nha, tuy·ªát dz·ªùii l·∫Øm lu√¥n, m·ªçi ng∆∞·ªùi n√™n mua nha",5,tranthihoa29,False
30,110211266165719,10051053881,8844109113,239539670,Giao h√†ng nhanh ƒë√≥ng g√≥i c·∫©n th·∫≠n s·ªë li·ªáu ch√™nh l·ªách 1 s·ªë n·∫øu b·∫°n n√†o c·∫ßn ch√≠nh x√°c th√¨ k th√≠ch nh∆∞ng d√πng t·ªët  so v·ªõi gi√°,4,nguyenlan421,False
31,105384405286945,10051053881,8297044286,87267614,S·∫£n ph·∫©m c√≥ ch·∫•t l∆∞·ª£n hay kh√¥ng xem video v√† c·∫£m nh·∫≠n üòõüòõ th·ª±c ra m√¨nh th√≠ch m√†u h·ªìng h∆°n nhi·ªÅu nh∆∞ng h·∫øt h√†ng n√™n l·∫•y t·∫°m. C√≥ c·∫£ d√¢y s·∫°c v√† th∆∞ c·∫£m ∆°n. X·ªãn nh√©!,5,quanh282,False
32,101920236325395,10051053881,8173565698,120261037,C√¢n kh√° l√† ch√≠nh s√°c....m√†u h·ªìng d·ªÖ th∆∞∆°ng x·ªâu...n√™n mua ....,5,dieutran_1993,False
33,101008952224053,10051053881,8074842588,138425555,Mua c√¢n gi√∫p c√¥ h√†ng x√≥m c√¥ review l·∫°i c√¢n gi√° r·∫ª m√† c√¢n tuy·ªát v·ªùi lun 5* nh√© shop,5,nguyentham2601,False
34,103136942667133,10051053881,8058103210,418123469,"Giao h√†ng nhanh
C√¢n chu·∫©n l·∫Øm ·∫°
Nh·∫π nh√†ng g·ªçn g√†ng
L·∫ßn sau s·∫Ω ·ªßng h·ªô ti·∫øp ·∫°",5,p*****u,True
35,99058152330942,10051053881,7586674880,81421303,Shop giao h√†ng nhanh nha.n√≥i chung s·∫£n ph·∫©m t∆∞∆°ng ƒë·ªëi ok.m√† h√¨nh nh∆∞ v·∫´n c√≥ sai s·ªë √≠t nh∆∞ng m√† l√¢u l√¢u,5,tribinhhuy,False
36,97934542592479,10051053881,7493847994,132864910,c√¢n h·ªìng m√†u xinh l·∫Øm =)) ib shop shop h·ªó tr·ª£ nhi·ªát t√¨nh iu l·∫Øm =)),5,p*****g,True
37,89516791222363,10051053881,6571714638,53213857,"ƒê·ªÉ ƒë√°nh gi√° review m·ªôt s·∫£n ph·∫©m ch√∫ng t√¥i hi·ªÉu r·∫±ng Th√¥ng th∆∞·ªùng, gi√° c√†ng cao (ho·∫∑c c√†ng quan tr·ªçng ƒë·ªëi v·ªõi s·ª©c kh·ªèe c·ªßa b·∫°n ƒë·ªëi v·ªõi m·ªôt s·∫£n ph·∫©m nh·∫•t ƒë·ªãnh), b·∫°n c√†ng kh√≥ c·ªë g·∫Øng ƒë·ªÉ ƒë·∫£m b·∫£o l·ª±a ch·ªçn c·ªßa m√¨nh l√† quy·∫øt ƒë·ªãnh ƒë√∫ng ƒë·∫Øn duy nh·∫•t. ƒê·ªÉ c·∫£m th·∫•y t·ª± tin khi mua h√†ng, b",5,hoanglong0303,False
38,94541235240516,10051053881,7171383706,151202133,"C√¢n kh√¥ng ho·∫°t ƒë·ªông,th·ª≠ m·ªçi c√°ch,ƒë·∫∑t ƒë·ªì l√™n kh√¥ng hi·ªán s·ªë g c·ª© ·ªü s·ªë 0,nh·∫Øn cho shop nh∆∞ng ko rep ƒë·ªÉ h·ªç tr·ª£",1,t*****5,True
39,85917277352015,10051053881,6088833919,37590512,C√¢n r·∫•t oke nh√©. L·∫°i c√≤n m√†u h·ªìng kute n·ªØa. Ms c√¢n th·ª≠ m·∫•y th·ª© nh·ªè nh·ªè th·∫•y r·∫•t oke. Hy v·ªçng s·∫£n ph·∫©n s·∫Ω d√πng ƒëc l√¢u. C√¢n s·∫°c pin n√™n kh√° ti·ªán l·ª£i. S·∫Ω ·ªßng h·ªô ti·∫øp ·∫°.,5,minh_trang_1312,False
40,87499820414506,10051053881,6407131246,9321964,C√¢n x·ªãn x√≤ ch√≠nh x√°c bao b√¨ ƒë√≥ng g√≥i ƒë·∫πp. S·∫Ω ·ªßng h·ªô ti·∫øp . C√°m ∆°n shop nhi·ªÅu nh√© .,5,nhannt.1276412,False
41,87896431264863,10051053881,6448433127,239480580,"Shop giao h√†ng nhanh, c√¢n ch√≠nh x√°c ko b·ªã l·ªách, c√¢n c·∫ßm l√™n r·∫•t nh·∫π",5,claryle.98,False
42,87541585477840,10051053881,6388813867,366999447,C√¢n chu·∫©n l·∫Øm nha mng m√†u h·ªìng xinh x·ªâu lu√¥nüòÇ shop ƒë√≥ng g√≥i c·∫©n th·∫≠n l·∫Øm m·ªôt ƒë·ªëng b·ªçc ch·ªëng s·ªëc lu√¥n giao h√†ng si√™u nhanh lu√¥n √° nh·∫≠n h√†ng m·∫•y h√¥m nay nma h m·ªõi ƒë√°nh gi√° 10/10 lu√¥n nha mngü•∞,5,nnan_110,False
43,86154775029447,10051053881,6099735800,81516343,"C√¢n nh·∫π v√† tr√¥ng c√≥ v·∫ª k ch·∫Øc ch·∫Øn l·∫Øm, mong l√† d√πng ·ªïn. ƒê·ªì ƒëi·ªán t·ª≠ nhi·ªÅu khi c≈©ng h∆°i lo sai s·ªë. Th√¥i c·ª© ƒë√°nh gi√° 5 sao cho shop",5,myanh143,False
44,86420920226738,10051053881,6119151222,41662063,"C√¢n ko b·ªã sai s·ªë sau m·ªói l·∫ßn c√¢n nha, r·∫•t ch√≠nh x√°c, giao h√†ng nhanh , b·ªçc c·∫©n th·∫≠n, v·ªè b·∫±ng nh·ª±a n√™n nh√¨n h∆°i ph√®n t√≠ th√¥i, 9ƒë",5,n*****.,True
45,85920667262382,10051053881,6084152908,4151465,"Shop ƒë√≥ng g√≥i c·∫©n th·∫≠n, giao h√†ng nhanh, h√†ng ch·∫•t l∆∞·ª£ng gi·ªëng h√¨nh",5,nguyenthuyduong111,False
46,86540667079580,10051053881,6397383979,18190309,"‚ÄúC√≥ nh·ªØng ng∆∞·ªùi khi m·∫•t h·ªç r·ªìi, ta m·ªõi nh·∫≠n ra‚Ä¶ Sao kh√¥ng m·∫•t s·ªõm h∆°n c√≥ ph·∫£i t·ªët kh√¥ng.‚Äù",5,duong180112,False
47,85915170010110,10051053881,6083876144,170553874,"Shop ƒë√≥ng g√≥i c·∫©n th·∫≠n, giao h√†ng nhanh, c√¢n ƒëi·ªán t·ª≠ n√™n ti·ªán k c·∫ßn mua pin, gi√° r·∫ª. M√¨nh ∆∞ng l·∫Øm",5,n*****9,True
48,90295910063403,10051053881,6629803603,27688037,"Shop giao h√†ng nhanh, g√≥i h√†ng c·∫©n th·∫≠n. N√™n mua nha m·ªçi ng∆∞·ªùi.",5,hoaqofq,False
49,92944376117184,10051053881,6923757883,65010320,"ƒê√≥ng g√≥i s·∫£n ph·∫©m r·∫•t l√† ch·∫Øc ch·∫Øn, giao ƒë·ªß s·ªë l∆∞·ª£ng s·∫£n ph·∫©m..",5,4people_1heart,False
50,87310155214976,10051053881,6263203135,29785788,"G√≥i h√†ng c·∫©n th·∫≠n, v·∫´n c√≥ sai s·ªë nh∆∞ng k ƒë√°ng k·ªÉ, 5 saooooooioo",5,lanvy1997,False
51,91463563442241,10051053881,6721886023,519298694,"Shop ƒë√≥ng g√≥i c·∫©n th·∫≠n, c√¢n ch√≠nh x√°c, m√†u xinh, s·∫°ch s·∫Ω, k b·ªã v·∫•n ƒë·ªÅ g√¨, giao h√†ng c·ª•c nhanh, m·ªõi ƒë·∫∑t t·ªëi h√¥m kia hnay nh·∫≠n ƒëc h√†ng lu√¥n r. Mik ƒëang ƒÉn theo ch·∫ø ƒë·ªô th√¢m h·ª•t calo n√™n chi·∫øc c√¢n n√†y r·∫•t h·ªØu √≠ch. M·ªçi ng n√™n mua nh√©!",5,lthnh437,False
52,87384284394355,10051053881,6231439264,26562584,"S·∫£n ph·∫©m ƒë∆∞·ª£c b·ªçc g√≥i c·∫©n th·∫≠n. Ch·∫•t li·ªáu c√¢n b·∫±ng nh·ª±a, c√¢n chu·∫©n x√°c. ƒê√£ test tr√™n nhi·ªÅu m·∫∑t h√†ng v·ªõi ba l·∫ßn c√¢n ƒë·ªÅu cho ch·ªâ s·ªë ch√≠nh x√°c. Mong l√† s·∫£n ph·∫©m s·∫Ω b·ªÅn.",5,giang_bs.12,False
53,89386239397857,10051053881,6570744496,159435861,"ƒê√£ nh·∫≠n ƒë∆∞·ª£c h√†ng, s·∫£n ph·∫©m nh·∫π, ti·ªán d·ª•ng, ƒë√∫ng s·ªë c√≥ tr·ª´ b√¨..",5,manmayman25,False
54,85995650093562,10051053881,6105456513,89278018,"Shop ship h√†ng nhanh n√™n r·∫•t l√† ok ·∫°
C√¢n k d√πng pin m√† s·∫°c ƒëi·ªán n√™n r·∫•t th√≠ch, d√πng l√†m b√°nh r·∫•t ·ªïn nha",5,ifyouloveher0525,False
55,91035011122117,10051053881,6714677895,45594978,"Shsjsjsmsnsmdmdmdmƒënnsdndmdmdmndndndndndndndndndndnd  h√†ng ch·∫•t l∆∞·ª£ng, t·ªët",5,ngomytrinh1012,False
56,87498507125973,10051053881,6252803904,113798929,"C√¢n xinh. C√¢n th·ª≠ m·∫•y sp m√† k l·ªách t√≠ g√¨. L√¢u d√†i ch∆∞a bi·∫øt nh∆∞ng hi·ªán t·∫°i th·∫•y ∆∞ng l·∫Øm. C·∫£m ∆°n shop.
ƒê√≥ng g√≥i ch·∫Øc ch·∫Øn v√† giao h√†ng r·∫•t nhanh.",5,phuonganhanh71,False
57,93429173349720,10051053881,7101339248,358814523,ok l·∫Øm ·∫°aaaaaaaaaaaaa rcm cho m·ªçi ng∆∞·ªùi n√™n mua v·ªÅ d√πng th·ª≠ nha,5,n*****n,True
58,92766093083498,10051053881,6862818279,583919357,"Giao h√†ng nhanh, s·∫£n ph·∫©m ch·∫•t l∆∞·ª£ng, c√¢n ch√≠nh x√°c. M·ªói t·ªôi t·ªù h∆∞·ªõng d·∫´n to√†n ti·∫øng anh",5,s6hj8x_pc8,False
59,93492112482282,10051053881,6995789830,546749310,C√¢n kh√¥ng ƒë∆∞·ª£c ƒë·∫πp cho l·∫Øm c√¢n th·ª≠ l·∫ßn ƒë·∫ßu th√¨ ra 37 c√¢n l·∫ßn hai th√¨ ra 36,2,phucvo200110,False
60,86355295013635,10051053881,6125560690,387643907,"Giao h√†ng nhanh, ƒë√≥ng g√≥i c·∫©n th·∫≠n, s·∫£n ph·∫©m t·ªët, ch·∫•t l∆∞·ª£ng.",5,y*****6,True
61,87931349172563,10051053881,6336479523,259171798,"M√†u ƒë·∫πp, ch·∫•t l∆∞·ª£ng kh√° t·ªët, n√≥i chung ph√π h·ª£p v·ªõi t√∫i ti·ªÅn, giao h√†ng nhanh",5,hanafengshui,False
62,88365527322041,10051053881,6369767014,483567727,"C√¢n chu·∫©n nh√© m·ªçi ng∆∞·ªùi
Ship kh√° nhanh
B·ªÅn hay kh√¥ng th√¨ sau n√†y m·ªõi bi·∫øt
Nh∆∞ng tr∆∞·ªõc m·∫Øt th·∫•y l√† ·ªïn v·ªõi gi√° ti·ªÅn",5,only.real,False
63,87498133477929,10051053881,6441673288,293684510,H√†ng t·∫°m ·ªïn . Nh∆∞ng b·ªã l·ªách ƒëi v√†i gram. Giao h√†ng h∆°i l√¢u. M·ªõi s·ª≠ d·ª•ng l√™n kb ƒë·ªô b·ªÅn l√¢u k,5,y*****2,True
64,108820892352175,10051053881,8701168935,22147714,C√¢n nh·ªè nh·ªè xinh x·∫Øn l·∫Øm a n√™n mua nha mn. Th√≠ch nh·∫•t l√† shop ƒë√≥ng g√≥i c·∫©n th·∫≠n v√¨ s·ª£ va ch·∫°m m√† l√≥t m·∫•y l·ªõp t√∫i ‚ò∫Ô∏è,5,canhhoahong,False
65,96374395418911,10051053881,7294232166,52046346,"CuÃÉng taÃ£m ƒë∆∞∆°Ã£c, kh√¥ng nhaÃ£y lƒÉÃÅm, nhiÃÄn h∆°i daÃ£i, c√¢n coÃÅ veÃâ kh√¥ng ƒë∆∞∆°Ã£c chiÃÅnh xaÃÅc cho lƒÉÃÅm.",5,hungnguyen722208,False
66,87381580486097,10051053881,6237208575,458000287,"Nh·∫≠n h√†ng th·∫≠t s·ª± r·∫•t ∆∞ng √Ω, m·∫´u m√£ ƒë·∫πp, nh·ªè g·ªçn, ti·ªán l·ª£i, shop b√≥c r·∫•t c·∫©n th·∫≠n, h√†ng k b·ªã x√¢y x√°t g√¨ c·∫£, giao h√†ng r·∫•t nhanh, cho shop 5*, s·∫Ω m·ªùi h·ªôi ch·ªã em c√πng mua",5,chivawatch94,False
67,90262947017833,10051053881,6602988030,132008806,"Giao h√†ng nhanh, ƒë√≥ng g√≥i k·ªπ c√†ng, nh√¨n v·ªè ngo√†i kh√¥ng ƒë·∫πp l·∫Øm nh∆∞ng c√¢n ch√≠nh x√°c v√† r·∫•t ti·ªán l·ª£i",5,minhhuan1703,False
68,108913463510159,10051053881,8700828210,173043859,"Ch·∫•t l∆∞·ª£ng s·∫£n ph·∫©m:ok

Ok n√™n mua r·∫•t tuy·ªát v·ªùi",5,n*****1,True
69,86445530202765,10051053881,6335185199,50856618,"H√†ng giao gi·ªëng m·∫´u, nh∆∞ng c√¢n s√†i t√πm lum s·ªë gi·∫≠t l√∫c ƒë·∫ßu ƒë·ªçc bl m√¨nh k√¨ v·ªçng r·∫•t nhi·ªÅu nh∆∞ng h√†ng v·ªÅ c√¢n ko ƒë√∫ng h√¨nh ·∫£nh mang t√≠nh ch·∫•t minh h·ªça",4,luongthihathuong1234567,False
70,88136510165980,10051053881,6371231396,198958018,"C√¢n sai nhi·ªÅu qu√° ƒë·∫•y ·∫° ,khuy√™n mn ƒë·ª´ng mua .....",2,hanhhh_123,False
71,85915599079829,10051053881,6085643056,26295748,H√†ng ƒë·∫πp ch·∫•t l∆∞·ª£ng ƒë√°ng ƒë·ªÉ mua,5,tronghuyen0505,False
72,103032385618708,10051053881,8046319327,536427638,"C√¢n ƒëo t·ªët nha mn, sai s·ªë n·∫øu c√≥ th√¨ c·ª° 1g th√¥i kh√¥ng ·∫£nh h∆∞·ªüng nhi·ªÅu",5,tzy2ymzumc,False
73,98524457589120,10051053881,7524609516,379600884,"G√≥i ƒë·∫πp kƒ© c√†ng, c√¢n ch√≠nh x√°c. M·ªçi ng∆∞·ªùi n√™n mua v·ªÅ c√¢n nh√©...",5,domyduyen1204,False
74,87874400379487,10051053881,6417092642,1041100,"Ch∆∞a ki·ªÉm ch·ª©ng ƒë∆∞·ª£c c√≥ x√™ d·ªãch kh√¥ng nh∆∞ng hi·ªán t·∫°i m√¨nh h√†i l√≤ng v·ªÅ m√†u s·∫Øc, ƒë√≥ng g√≥i, giao h√†ng c·ªßa s·∫£n ph·∫©m",5,p*****m,True
75,85917393290850,10051053881,6085159021,85887367,"ƒê√≥ng g√≥i c·∫©n th·∫≠n, h√†ng ƒë·∫πp, ƒë√°ng ƒë·ªìng ti·ªÅn",5,vuhaiyen0104,False
76,100449673232247,10051053881,7713795063,705762066,"S·∫£n ph·∫©m ƒë·∫πp , giao  h√†ng nhanh , c√¢n chu·∫©n ·∫° ! ∆Øng √Ω l√©m n√† .",5,hlinhh887,False
77,87399913493591,10051053881,6313384902,390409536,"C√¢n r·∫•t ƒë·∫πp
S·∫£n ph·∫©m tuy·ªát v·ªùi
Shop c√≤n nh·∫Øn t√≠n h∆∞·ªõng d·∫´n m√¨nh r·∫•t chu ƒë√°o
Shipper giao h√†ng th√¢n thi·ªán
C·∫£m ∆°n shop nhi·ªÅu l·∫Øm‚ù§‚ù§",5,b*****0,True
78,85997059109203,10051053881,6088696839,454762116,"Giao h√†ng si√™u nhanh, ƒë√≥ng g√≥i c·∫©n th·∫≠n, shop t∆∞ v·∫•n nhi·ªát t√¨nh, ƒë√≥ng g√≥i c≈©ng chuy√™n nghi·ªáp, c·∫£ th∆∞ c·∫£m ∆°n, s·∫£n ph·∫©m ƒë√£ test n·∫∑ng nh·∫π ƒë·ªÅu chu·∫©n nh√°. ƒê√°ng mua nha",5,navacos.cosmetics,False
79,96374142032722,10051053881,7292718354,158704888,m·ªôt s·ªë ch∆∞a in v·ªõi nhau nh∆∞ng v·ªõi t·∫ßm ti·ªÅn n√†y th√¨ t·∫°m ·ªïn . C√≥ th·ªÉ s·∫°c b·∫±ng d√¢y ho·∫∑c thay pin .=)) m√†u h·ªìng r·∫•t xinh ƒë√∫ng m√†u m√¨nh th√≠ch . Ch∆∞a d√πng th·ª≠ kh√¥ng bi·∫øt d√πng ƒë∆∞·ª£c b·ªÅn kh√¥ng,5,hoangnhungoc1,False
80,87523624419431,10051053881,6314159287,63967725,M√†u dt c√≥ ƒëi·ªÅu c·∫ßm h∆°i nh·∫π tay ü§£ ki·ªÉu h∆°i d·ªèm d·ªèm √Ω nh∆∞ng m√† ƒë·ª° t·ªën pin. C√≥ d√¢y s·∫°c n·ªØa th√¨ kho·∫ª. Cute ·∫°,5,khlinh94,False
81,87438978152906,10051053881,6231987587,479951970,"Shop giao h√†ng nhanh gh√™ lu√¥n ƒë√≥, c√¢n ƒë√°ng y√™u x·ªâu m√† c√¢n chu·∫©n gh√™, 1g c≈©ng c√¢n ƒë∆∞·ª£c. H√†ng shopee mall n√™n r·∫•t y√™n t√¢m. L·∫ßn sau ·ªßng h·ªô shop ti·∫øp nh√©",5,thamtlu,False
82,85918209226942,10051053881,6095039063,43635276,"Shop b·ªçc h√†ng c·∫©n th·∫≠n, b·ªçc x·ªëp n·ªï 2 l·ªõp. Sau sp c√≥ ch·ªó ƒë·ªÉ treo t∆∞·ªùng kh√° hay. ƒê√£ d√πng th·ª≠ ·ªïn √°p.",5,lanhnguyen297,False
83,103084936259954,10051053881,8095455155,126355516,"Giao h√†ng nhanh, c√¢n d√πng t·ªët, d√πng s·∫°c n√™n kh√¥ng c·∫ßn ph·∫£i mua pin thay m√¨nh th·∫•y ti·ªán h∆°n r·∫•t nhi·ªÅu",5,dieuhuyen2019,False
84,101872946503067,10051053881,7938710013,129729376,M·ªçi ng∆∞·ªùi mua v·ªÅ s·ª≠ d·ª•ng nha s·∫£n ph·∫©m r·∫•t t·ªët ch·∫•t l∆∞·ª£ng v√† uy t√≠n nsisjdbdbekkwjeb,5,suongss_2005,False
85,99624965531388,10051053881,7648640106,435279358,Shop th·∫≠t s·ª± r·∫•t t·ªët. Lu√¥n tr·∫£ l·ªùi nh·ªØng th·∫Øc m·∫Øc c·ªßa m√¨nh. C√¢n d√πng x·ªãn c·ª±c.,5,t*****6,True
86,96571443104136,10051053881,7325136934,597843324,"Xem review v√† gh√© shop mua. Htai ƒëang ·ªü xa n√™n ng nh√† nh·∫≠n , t·∫øt ve test th·ª≠.ok s·∫Ω quay l·∫°i ·ªßng h·ªô shop",5,,False
87,90686628118718,10051053881,6731976055,270518110,"H√†ng giao r·∫•t nhanh, ngo√†i v·ªè shop c√≥ ƒë·ªÉ ch·ªØ h√†ng d·ªÖ v·ª° xin nh·∫π tay n√™n e th·∫•y r·∫•t h√†i l√≤ng v·ªõi c√°ch ph·ª•c v·ª• kh√°ch h√†ng c·ªßa shop, c√¢n th√¨ r·∫•t ch√≠nh x√°c",5,t*****0,True
88,88003784290605,10051053881,6406744932,208455723,C√¢n ƒë√∫ng nh∆∞ h√¨nh giao ƒë√∫ng m√†u ƒë√∫ng s·∫£n ph·∫©m e c√°m ∆°n shop ·∫° üòäüòäüòä,5,p*****o,True
89,88052442479095,10051053881,6386027390,209558281,C√¢n d√πng ok ƒë√°ng ƒë·ªÉ mua ·∫°. ƒê√≥ng g√≥i c·∫©n th·∫≠n giao h√†ng nhanh c·∫©n th·∫≠n.,5,nguyenlan9368,False
90,87889360323678,10051053881,6416659785,232136426,"C√¢n kh√° ok, ti·ªán d·ª•ng, shop ƒë√≥ng h√†ng k·ªπ, si√™u nhanh, ƒë√°nh gi√° 5 sao",5,huynhnhihoaidhy,False
91,105384203205002,10051053881,8576805638,66152342,"C√¢n si√™u nh·∫π, d·ªÖ s·ª≠ d·ª•ng, s·∫°c pin nhanh. Nh√¢n vi√™n cskh n√≥i chuy·ªán r·∫•t d·ªÖ th∆∞∆°ng.",5,yennhinguyen303,False
92,87502440354634,10051053881,6339898455,14340389,"D·ªãch n√™n giao h∆°i l√¢u , c√¢n chu·∫©n ph·∫øt m·ªçi ng∆∞·ªùi ·∫°, m√†u ƒë·∫πppppppppppppppppppppppppp",5,hanvy_91,False
93,88029052314409,10051053881,6343592754,75964543,C√¢n ok l·∫Øm nha m·ªçi ng. C√¢n kh√° chu·∫©n. Sai l·ªách 1 gam k ƒë√°ng k·ªÉ. C√≥ d√¢y s·∫°c ƒëi k√®m,5,dulilustore,False
94,87288437235159,10051053881,6253446560,341647234,h√†ng giao nhanh! s·∫£n ph·∫©m y h√¨nh! b·ªÅn hay ko ch∆∞a d√πng n√™n ch∆∞a ƒë√°nh gi√° chu·∫©n ƒëk! m√°y xinh,5,zomoiu,False
95,105285476310181,10051053881,8315196603,757135,"ƒê·∫∑t m√†u h·ªìng shop giao m√†u xanh, kh√¥ng c√≥ d√¢y s·∫°c, nh·ª±a ·ªçp ·∫πp nh∆∞ ƒë·ªì ch∆°i l·∫°i c√≤n x∆∞·ªõc s√°t nh∆∞ ƒë·ªì c≈© v·∫≠y. ƒê√£ v·∫≠y c√¢n c≈©ng kh√¥ng ch√≠nh x√°c, m·ªói l·∫ßn nh·∫£y m·ªôt s·ªë kh√°c nhau d√π ƒë√£ ƒë·ªÉ ·ªü n∆°i kh√¥ng gi√≥ v√† c√¢n b·∫±ng. M·ªçi ng∆∞·ªùi ƒë·ª´ng n√™n mua ph√≠ ti·ªÅn, thua xa c·∫£ c√¢n 65K.",1,a*****7,True
96,103104932593263,10051053881,8251112192,271621410,"Giao hang nhanh, h√¨nh mang tinh nh·∫≠n xu, se mua ung ho tiep nua",5,trinhxuan0703,False
97,87382198365324,10051053881,6323095138,84523176,"Th·∫≠t s·ª± ch·∫•t l∆∞·ª£ng qu√° t·ªá, v·ªè nh·ª±a x·∫•u c·ª±c, t·ª´ m√†n h√¨nh hi·ªÉn th·ªã ƒë·∫øn ph√≠m b·∫•m ch·∫£ kh√°c ƒë·ªì ch∆°i tr·∫ª em. Khuy√™n th·∫≠t m·ªçi ng∆∞·ªùi kh√¥ng n√™n mua s·∫£n ph·∫©m n√†y!",1,linhsaclo,False
98,87306695425626,10051053881,6503890944,41207506,"X√†i ƒë∆∞·ª£c h∆°n 2 tu·∫ßn th·∫•y qu√° Oki lu√¥n, m√†u ƒë·∫πp c√¢n chu·∫©n d·ªÉ s·ª≠ d·ª•ng. B√† n√†o m√† ƒÉn ec th√¨ n√™n mua 1 em r·∫•t ti·ªán theo d√µi ch·∫ø ƒë·ªô ƒÉn",5,que_hoang_1994,False
99,89030001028819,10051053881,6466766513,116763546,L√∫c m·ªõi b·∫≠t c√¢n l√™n s·ªë nh·∫£y lo·∫°n x·∫° c·ª© b·∫≠t l√™n l√† b·ªã mong shop ch·ªâ c√°ch kh·∫Øc ph·ª•c,4,l*****1,True
100,87582037180811,10051053881,6261430151,177458287,S·∫£n ph·∫©m d√πng t·ªët ·∫°. Tuy th·ªânh tho·∫£ng ch·ªách 2g nh∆∞ng ko ƒë√°ng k·ªÉ. Ai ƒëang c√≥ nhu c·∫ßu n√™n mua ·∫°,5,hoanghuong212001,False
101,93113181131356,10051053881,6913895632,381237568,Shop ƒë√≥ng g√≥i s·∫£n ph·∫©m ch·∫Øc ch·∫Øn v√† giao h√†ng nhanh,5,zen_zi9,False
102,94299585082154,10051053881,7085289340,55062804,"C√¢n ·ªïn,nh·∫π m·∫∑c d√π l·∫Øc th·∫•y k√™uu l·ªôt x·ªôt.m√†u th√¨ nh·ª±a k ƒëeph l·∫Øm n√≥i chug c≈©ng dc vs gi√° ti·ªÅn ok",5,thaohuynh2706,False
103,94570730551724,10051053881,7114911689,454879527,H√†ng ƒë√≥ng g√≥i kƒ© ƒÉn to√†n,5,khanh31052006,False
104,87897701160139,10051053881,6335766976,59215361,M√†u ƒë·∫πp. C√¢n 3 l·∫ßn sai s·ªë 2g. Giao h√†ng nhanh,5,trnngcpn,False
105,108561787603602,10051053881,8803432325,76234427,"Shop giao h√†ng ƒë√∫ng m√¥ t·∫£. Giao h√†ng nhanh, g√≥i h√†ng kh√° c·∫©n th·∫≠n",5,n*****8,True
106,86530224365463,10051053881,6250965565,158474318,"M√†u h·ªìng nh√¨n ƒë·∫πp, ƒë√≥ng g√≥i c≈©ng c·∫©n th·∫≠n c√≥ gi·∫•y b·∫£o h√†nh nh∆∞ng ch∆∞a s√†i ch∆∞a bi·∫øt ra sao",5,t*****o,True
107,87547752340671,10051053881,6289617449,288437851,C√¢n ƒë√∫ng chu·∫©n ok m·ªói t·ªôi h√†ng x·∫•u h∆°n so v·ªõi h√¨nh. Gi√° r·∫ª n√™n k mong ƒë·ª£i g√¨ h∆°n,4,n*****7,True
108,101299906536368,10051053881,7838217918,681317879,"Kh√° oke nh∆∞ng v·∫´n ch√™nh l·ªách s·ªë √≠t v√¨, gi√° r·∫ª n√™n c≈©ng k ƒë√≤i h·ªèi nhi·ªÅu m·ªõi nh·∫≠n c√¢n th√¥i v·ªÅ l√¢u d√†i th√¨ ch∆∞a bt
N√≥i chung n√™n mua",5,09z71jzzu3,False
109,98614072537559,10051053881,7553140211,71155956,S·∫£n ph·∫©m c√¢n chu·∫©n. Tuy nhi√™n b·ªã tr·∫ßy x∆∞·ªõc nh·∫π nh∆∞ng v·∫´n ch·∫•p nh·∫≠n ƒë∆∞·ª£c. Mong shop sau n√†y b·∫£o qu·∫£n s·∫£n ph·∫©m kƒ© ch√∫t,4,huynhnhan250592,False
110,90495704224600,10051053881,6689083304,10623311,C√¢n d√πng ƒë∆∞·ª£c. Kh√¥ng kh√°c g√¨ c√°i ƒë·ªì ch∆°i. C√≤n kh√¥ng ch·∫Øc ch·∫Øn b·∫±ng c√°i c√¢n 65k. L·∫°i c√≤n c√≥ c√°i n·∫Øp pin ƒë·∫±ng sau m·ªü ra kh√¥ng c√≥ g√¨ lu√¥n. Treo ƒë·∫ßu d√™ b√°n th·ªãt ch√≥.,3,jakejohnsilver,False
111,87322155175397,10051053881,6298428643,66310177,C√¢n sin s√≤ qu√° tr·ªùi . M√† kh√¥ng bi·∫øt ƒë·ªô ch√≠nh x√°c cao kh√¥ng,5,phanthaibinh99,False
112,87319702475056,10051053881,6382961157,101586476,"Tr∆∞·ªõc m·∫Øt th√¨ th·∫•y c√¢n ch√≠nh x√°c l·∫Øm m√† hong bi·∫øt c√≥ b·ªÅn kh√¥ng
C√¢n nh·ªè m√† nh·∫π l·∫Øm nha m·ªçi ng∆∞·ªùi",5,l*****5,True
113,88160146242694,10051053881,6371299459,233535596,"ƒê√£ nh·∫≠n dc h√†ng, nh√¨n xinh, c√¢n th·ª≠ ch√≠nh x√°c. Ko bi·∫øt ch·∫•t l∆∞·ª£ng b√™n ko. Hi v·ªçng dc nh∆∞ mong ƒë·ª£i. C·∫£m ∆°n shop",5,nguyenvi.2000,False
114,87396996112614,10051053881,6276662745,460375464,"S·∫£n ph·∫©m ch·∫Øc ch·∫Øn, b·ªÅn. Shipper d·ªÖ th∆∞∆°ng, shop r·∫•t th√¢n thi·ªán. Giao h√†ng nhanh, ƒë·∫∑c bi·ªát l√† g√≥i h√†ng c√≥ t√¢m. C√°c b·∫°n n√™n mua nhaaa.",5,giangha_,False
115,87730679441330,10051053881,6390547215,402915293,ƒê√£ s·ª≠ d·ª•ng 1 tu·∫ßn. Ok,5,b*****7,True
116,108293533548943,10051053881,8647264662,42468657,Xu·∫•t s·∫Øc,5,n*****i,True
117,100685027616783,10051053881,7821454231,63782225,C√¢n nh√¨n d·ªèm nh∆∞ng b√π l·∫°i s√†i dc ch√≠nh x√°c,5,giangkenz1102,False
118,99131652597338,10051053881,7578112113,385162257,Shop ship h√†ng nhanh v√† c√≤n ƒë·∫πp n·ªØa:3,5,thanh__ha2009,False
119,96193072031119,10051053881,7302656386,653223537,H√†ng b√™n ƒë√¢y tr·∫ßy qu√° shop ∆°i m√† x√†i cx ok,4,pc7sdpz8f5,False
120,87489836089221,10051053881,6297090416,16961775,ƒê√≥ng g√≥i c·∫©n th·∫≠n . C√¢n chu·∫©n . R·∫•t ∆∞ng √Ω .,5,d*****p,True
121,90325343328426,10051053881,6640231306,100315909,C√¢n d√πng t·ªët,5,hoangvn888,False
122,87048598390810,10051053881,6350122227,319397636,"Qu·∫ßn ƒë·∫πp, m·∫∑c m√°t, v·∫£i t·ªët m√† c√≤n ƒë∆∞·ª£c t·∫∑ng qu√† n·ªØa. 5 sao nhaaaa",5,n*****n,True
123,92497433039293,10051053881,7023339564,415972713,Nice,5,ddd4444,False
124,88581872242754,10051053881,6385848064,9337895,C√¢n ƒë·∫πp chu·∫©n,5,phunhan,False
125,87540378238947,10051053881,6353921562,9702125,UuuuuuuUuuuuuuUuuuuuuUuuuuuuUuuuuuuUuuuuuuUuuuuuuUuuuuuuUuuuuuuUuuuuuuUuuuuuuUuuuuuuUuuuuuuUuuuuuuUuuuuuuUuuuuuuUuuuuuuUuuuuuuUuuuuuuUuuuuuuUuuuuuuUuuuuuuUuuuuuuUuuuuuuUuuuuuuUuuuuuuUuuuuuuUuuuuuuUuuuuuuUuuuuuuUuuuuuuUuuuuuu,5,tengibaygiohatroi,False
126,86973382388562,10051053881,6514270123,546409533,"M√¨nh ch∆∞a bi·∫øt x√†i ,ko h∆∞·ªõng d·∫´n x√†i ‚òπÔ∏è",5,nhu20hao08,False
127,88163042049223,10051053881,6402823201,182063458,Ok,5,phuongtrung.1995,False
128,87828000198099,10051053881,6376108013,297434026,Qqwerrttyyyuuiiioooolllkkjhhhgggffƒësssazzxxcccvvnb,5,l*****5,True
129,88084954102296,10051053881,6338216378,275990210,H√†ng ok giao nhanh,5,vietphong01,False
130,87768625139529,10051053881,6362685315,403700107,Hsngok fffffffffffffffffffedvtbttbhthtjthththththththththtb,5,t*****a,True
131,88184945276065,10051053881,6402358621,555810710,N·∫≠nkakdbd √™ d f t. F d d d d f f f f f f fd d f e s d d d d d r e e ed d d d d e d d d d d in,5,fj9018ilc9,False
132,92970633331005,10051053881,6950854904,387471463,Fjhdjjfuhfjbfybfuj lay xu ghdrjgdyhftuhfthhdhjfdgjhfh,5,thang_beo_1409,False
133,87576920323106,10051053881,6371515767,264062913,,5,thamtruong_291086,False
134,109502657547240,10051053881,8804958124,609115113,,5,nhuduonghuynh246,False
135,111221882177942,10051053881,8968162645,426483540,,5,trantruc1210,False
136,105501210533303,10051053881,8361858098,77643913,,5,trankhuyennb,False
137,103822136245404,10051053881,8157198854,199048543,,5,sau._3010,False
138,103872116397942,10051053881,8126658455,59222679,,5,ng_hamy,False
139,101470292502059,10051053881,8092616160,673198866,,5,jetcp5w_4f,False
140,100998346266247,10051053881,7800429106,30253410,,5,kakalot1608,False
141,101054734315283,10051053881,7802465086,44981821,,5,hoanganh963,False
142,96875560210616,10051053881,7420801875,230334472,,5,trangmunmun2710,False
143,98380654261605,10051053881,7587539735,685850267,,5,bich_tuyen1905,False
144,96135775036001,10051053881,7427979466,94582272,,5,minhman.nguyen.581y,False
145,86101163412766,10051053881,6174460714,3827482,,5,aitratruong94,False
146,98189310593410,10051053881,7480294375,624160041,,5,thngv694,False
147,90342690168465,10051053881,6672734269,42556138,,5,huynguyen04062013,False
148,95883244547972,10051053881,7251075322,83130228,,5,a14112002a,False
149,94093299361716,10051053881,7027170776,420160638,,5,vuhoabinh2010,False
150,87374425362640,10051053881,6436680909,8987768,,5,linhlammy,False
151,87467940034675,10051053881,6396815103,196814754,,5,minisun123,False
152,93017411148998,10051053881,7071313914,539041837,,5,dtd.official,False
153,88783525076900,10051053881,6454916636,1992357,,5,homang2dau,False
154,93276090075784,10051053881,7083181768,92613864,,5,quaxuatsac,False
155,96036418053753,10051053881,7260288230,183665901,,3,duchiep19041990,False
156,87380445370551,10051053881,6321832660,62003340,,5,soannguyen87,False
157,93873543568672,10051053881,7045432653,276148160,,4,chanhkha20,False
158,86146253181967,10051053881,6232809161,54485173,,5,dairyva,False
159,88948870261075,10051053881,6435807726,24322775,,5,lenamlc,False
160,87278951350538,10051053881,6236843541,72140600,,5,vu1903,False
161,92322775032896,10051053881,6939962844,531101179,,5,d2gic_ou_w,False
162,90249020170725,10051053881,6690981961,316648059,,5,phuong_605,False
163,88352187344816,10051053881,6377216079,88573298,,5,t*****0,True
164,87972944356466,10051053881,6308358291,394621933,,5,megaokids1998,False
165,86270319195751,10051053881,6153695488,163273376,,5,apksuver922005,False
166,88609157469328,10051053881,6504985781,366233366,,5,hggvbbnb,False
167,90308589229930,10051053881,6715148075,322699552,,5,ngo2203canh,False
168,87022930383603,10051053881,6349047023,553411781,,5,kimlocphan746,False
169,87394870442857,10051053881,6245139733,227687775,,5,lequangdung356,False
170,86613056357247,10051053881,6195596698,297354847,,4,q*****u,True
171,87443932073969,10051053881,6421015382,74051200,,1,s*****0,True
172,89025295357602,10051053881,6466092608,529557075,,5,ldygfeu8gk,False
173,87721850327916,10051053881,6366278535,475266379,,5,oristore2807,False
174,109841182121501,10817015865,8799017143,60717356,"D√πng t·ªët trong t·∫ßm gi√°, th√≠ch c√°i nh·ªè g·ªçn, nh√¨n t∆∞·ªüng d·ªÖ r∆°i ƒë·∫ßu nh∆∞ng th·ª±c ra l·∫Øc tho·∫£i m√°i k r·ªõt",5,onivn,False
175,105978363696826,10817015865,8488133465,399468651,"S√°ch r·∫•t hay v√† ·∫•n t∆∞·ª£ng, ch·∫•t l∆∞·ª°i v√† n·ªôi dung ph√π h∆°p v·ªõi tter em",5,h*****g,True
176,92891224084235,10817015865,6883028078,130027152,s·∫£n ph·∫©m t·ªët trong t·∫ßm gi√°. ƒë√≥ng g√≥i c·∫©n th·∫≠n kƒ© c√†ng. giao h√†ng qu√° nhanh. 5sao nh√© shop.,5,t*****p,True
177,97401503664637,10817015865,7438780947,221597600,"Giao h√†ng nhanh, h√†ng d√πng t·ªët. Video mang t√≠nh ch·∫•t nh·∫≠n xu :3",5,h*****2,True
178,83217672340393,10817015865,5798852170,127900853,ƒê√£ nh·∫≠n dc h√†ng tua v√≠t c·ª©ng c√°p d·ªÖ s·ª≠ d·ª•ng !,5,greetboss01,False
179,92079067543711,10817015865,6796289895,125278509,"Nh√¨n chung th√¨ ·ªïn c√≥ ƒëi·ªÅu l√† 24 ƒë·∫ßu kh√¥ng ph·∫£i 25 ƒë·∫ßu, tay c·∫ßm b·∫±ng th√©p kh√° ch·∫Øc v√† ch·∫Øc tay, ch·∫•t da bao th√¨ c≈©ng ·ªïn ƒë√∫ng l√∫c m√¨nh ƒëang c·∫ßng th√¨ n√†y r·∫•t r·∫ª 5 sao.",5,anhakira123,False
180,83559175266381,10817015865,5824845121,135960635,Giao h√†ng nhanh. Gi√° r·∫ª. H√†ng ƒë·∫πp ch·∫•t nh∆∞ m√¥ t·∫£. R·∫•t ti·ªán l·ª£i. C√°m ∆°n shop,5,bagatti,False
181,92931861485550,10817015865,6986062364,199525279,ƒê·∫ßy ƒë·ªß c√°c ƒë·∫ßu c·∫ßn ·∫°  tks shop nhi·ªÅu hihi,5,xamdamdangg,False
182,92890497376812,10817015865,6882269427,163458179,H√†ng r·∫•t t·ªët shop giao h√†ng nhanh ƒë√≥ng g√≥i c·∫©n th·∫≠n qu√° m·ªü m√£i m·ªõi dc )),5,xhuong93,False
183,83240412485847,10817015865,5799458886,76512903,Nh·ªè g·ªçn m√† r·∫•t h·ªØu √≠ch nha c√°c b·∫°n! L·∫°i con v·ªè da r·∫•t s·ªãn s√≤! R·∫•t ∆∞ng √Ω!,5,nha250590,False
184,109833851153654,10817015865,8806922605,84068644,B·ªô tua v√≠t nh·ªè xinh. M√¨nh mua cho con t·∫≠p th√°o l·∫Øp ƒë·ªì ch∆°i con th√≠ch l·∫Øm. Shop ƒë√≥ng h√†ng c·∫©n th·∫≠n. Tks shop!!,5,huyenken11,False
185,98648897223188,10817015865,7558579972,180033591,"Ch·∫•t l∆∞·ª£ng s·∫£n ph·∫©m tuy·ªát v·ªùi, r·∫•t ƒë√°ng ti·ªÅn, th·ªùi gian giao h√†ng nhanh",5,j*****u,True
186,83095986662201,10817015865,5868951515,98854147,"B·ªô ·ªëc v√≠t nh·ªè g·ªçn ti·ªán √≠ch , c·∫ßn thi·∫øt trong gia ƒë√¨nh, shop ƒë√≥ng g√≥i c·∫©n th·∫≠n",5,quanhquanh1011,False
187,94669573095912,10817015865,7152075614,152655718,S·∫£n ph·∫©m nh·ªè th·∫≠t! Kh√¥ng bi·∫øt c√≥ d√πng dc ko n·ªØa!!!..........,5,a*****3,True
188,91976379075301,10817015865,6778202150,202330251,"Ch·∫•t l∆∞·ª£ng s·∫£n ph·∫©m tuy·ªát v·ªõi
Giao h√†ng nhanh
ƒê√∫ng l√† b·ªô d·ª•ng c·ª• kh√¥ng th·ªÉ thi·∫øu",5,chinhtto,False
189,93266465324283,10817015865,6985359375,164259914,ƒë√≥ng g√≥i h√†ng c·∫©n th·∫≠n giao h√†ng nhanh s·∫£n ph·∫©m ch·∫•t l∆∞·ª£ng n√™n mua nha mn ü•∞ü•∞,5,thangcu158,False
190,82810840483735,10817015865,5955476755,90977295,"S·∫£n ph·∫©m gi·ªëng h√¨nh, nh·ªè g·ªçn ti·ªán d·ª•ng, d·ªÖ mang theo, v√¨ d·ªãch n√™n giao h√†ng h∆°i l√¢u",5,t*****n,True
191,105729930582149,10817015865,8374688874,73055877,"S·∫£n ph·∫©m giao h√†ng nhanh, ƒë√∫ng m·∫´u m√£, gi√° c·∫£ h·ª£p l√Ω, l·∫ßn sau s·∫Ω ·ªßng h·ªô th√™m",5,d*****9,True
192,100928298506991,10817015865,7796122556,148984886,"Giao h√†ng nhanh, ƒë√≥ng g√≥i c·∫©n th·∫≠n, s·∫£n ph·∫©m r·∫•t h·ªØu d·ª•ng, gi√° c·∫£ h·ª£p l√Ω, nh·ªè nh·ªè xinh xinh, c∆∞ng",5,d*****9,True
193,92859269397561,10817015865,6880588353,182641849,"B·ªô tua v√≠t ƒëa nƒÉng n√†y nh·ªè nh·∫Øn, ƒë·∫πp, c·ª©ng c√°p. N√™n mua c√°c b√°c ·∫°.",5,bongkhanhlinh2017,False
194,92861633575573,10817015865,6902392511,81791235,"Ti·ªán th·ª±c s·ª± lu√¥n √≠ m·ªçi ng∆∞·ªùi, th√°o l·∫Øp g√¨ ch·ªâ c·∫ßn l·∫Øp c√°i ƒë·∫ßu v√†o l√† ƒë∆∞·ª£c, m∆∞·ª£t ph·∫øt, kh√¥ng d·ªÖ b·ªã r∆°i r·ª•ng ra ƒë√¢u kh√¥ng s·ª£ m·∫•t. ƒê√°ng ti·ªÅn!",5,june.what,False
195,92943625078509,10817015865,6909631609,51676430,"S·ªãn ƒë·∫πp kh√° ok nha qu√Ω v·ªã, cho v√†o c·ªëp hay ƒë·ªÉ trong nh√† nh·ªè g·ªçn ti·ªán l·ª£i",5,miki116,False
196,83740280034734,10817015865,5872818976,44880139,"Bao da r·∫•t ƒë·∫πp, c√°c ƒë·∫ßu tua v√≠t r·∫•t c·ª©ng ti·∫øc l√† kh√¥ng c√≥ t·ª´ tr∆∞·ªùng nh∆∞ng ch·∫•t l∆∞·ª£ng ph·∫£i n√≥i tuy·ªát v·ªùi.
Vote 5* ·ªßng h·ªô shop.",5,phamtrungkien250420,False
197,82861499669111,10817015865,5727014903,203527036,Kh√¥ng c√≤n ch·ªó n√†o ch√™ lu√¥n ü•∞ü•∞,5,cuongcnk54,False
198,109851601158512,10817015865,8853704073,37023469,"S·∫£n ph·∫©m t·ªët, ƒë·∫ßy ƒë·ªß c√°c ƒë·∫ßu v√≠t c·∫ßn thi·∫øt, nam ch√¢m h√≠t ok, tay c·∫ßm nh·∫π nh√†ng.  5 sao",5,dinh.tuan,False
199,92036860029189,10817015865,6841038755,32047337,"S·∫£n ph·∫©m ƒë·∫πp, nh·ªè g·ªçn v√† ph√π h·ª£p linh ƒë·ªông l·∫Øm nha, h√†ng ngon d√πng r·ªët v√† OK, ƒë√¢y s·∫Ω l√† s·∫£n ph·∫©m m√† m√¨nh ·ªßng h·ªô d√†i h·∫°n. Shop th√¨ nhi·ªát t√¨nh v√† ship nhanh",5,nguyen101097,False
200,110253269198991,10817015865,8842367653,483997528,"S·∫£n ph·∫©m ƒë√°ng mua, h√∫t nam ch√¢m t·ªët. Nh·ªè g·ªçn d·ªÖ mang theo b√™n ng∆∞·ªùi",5,mimihome7721,False
201,83223370233713,10817015865,5841515170,91294096,"H√†ng r·∫•t ƒë·∫πp shop ·∫°. C√°c thanh ch·∫Øc ch·∫Øn c√≥ nam ch√¢m n√™n h√∫t r·∫•t ch·∫∑t
Th√°o ·ªëc r·∫•t d·ªÖ d√†ng. Gi√° cx r·∫ª m√† ch√¢t l∆∞·ª£ng r·∫•t t·ªët. T·∫∑ng shop 5*",5,damtoi102,False
202,92023546315253,10817015865,6778877056,53738598,S·∫£n ph·∫©m nh·ªè g·ªçn ti·ªán d·ª•ng d·ªÖ l·∫Øp r√°p v√† s·ª≠ d·ª•ng thu·∫≠n ti·ªán ƒë√∫t t√∫i mang ƒëi . Shop giao h√†ng h√†ng nhanh ch√≥ng d√π ƒëang d·ªãch b·ªánh 5 sao cho shop,5,d.trandoanh,False
203,109844231129731,10817015865,8785052618,2422092,"B·ªô t√¥ vit nh·ªè g·ªçn, ƒë·∫ßy ƒë·ªß c√°c ƒë·∫ßu. Thi·∫øt k·∫ø th√¥ng minh khi·∫øn c√°c ƒë·∫ßu v√≠t kh√¥ng r∆°i m·∫•t ƒëc. ƒê·∫ßu c·∫Øm c√≥ nam ch√¢m h√∫t ch·∫Øc ch·∫Øn",5,tuanvu1409,False
204,107111466646435,10817015865,8718736624,275431228,ƒê√£ nh·∫≠n h√†ng. Giao nhanh . Ch∆∞a ki·ªÉm tra xem c√≥ ·ªïn √°p kh√¥ng. Gi√° sale,5,hoavole49,False
205,88448657001316,10817015865,6406275004,44222249,"Giao h√†ng nhanh, ƒë·∫ßu v√≠t kh√¥ng h√≠t ƒë∆∞·ª£c ·ªëc nh∆∞ng c≈©ng ok üëåüëåüëåüëå8",5,b*****g,True
206,83217989405391,10817015865,5799840583,59335853,"Nh·ªè g·ªçn r·∫•t v·ª´a tay , h·ª£p v·ªõi s·ª≠a ƒëi·ªán tho·∫°i ƒë·ªì ch∆°i tr·∫ª  em. R·∫•t t·ªët trong t·∫ßm gi√°",5,duongquahiepcoco,False
207,107416200380222,10817015865,8509844456,108474503,Shop giao h√†ng nhanh.s·∫£n ph·∫©m ƒë√∫ng nh∆∞ m√¥ t·∫£. Ch·∫•t l∆∞·ª£ng qu√° ok so v·ªõi gi√° ti·ªÅn,4,phanvanthai0606,False
208,91984420145894,10817015865,6935214329,487002945,"s·∫£n ph·∫©m b·ªÅn ƒë·∫πp, v·∫∑n r·∫•t ƒë·∫ßm tay ch·∫Øc ch·∫Øn, gi√° t·ªët",5,p_rusgcik3,False
209,87474155156603,10817015865,6289081151,208318314,H√†ng ƒë√∫ng theo h√¨nh. Giao h√†ng ƒë√∫ng th·ªùi gian. Nh·ªè g·ªçn ti·ªán l·ª£i.,4,nguyen.trong.duy,False
210,82811855421302,10817015865,5720631009,13539029,"Ti·ªán l·ª£i, nh·ªè g·ªçn, ƒë√°ng ti·ªÅn
Tha h·ªì th·ªèa m√£n v·ªõi th√≥i th√≠ch v·ªçc v·∫°ch :)))",5,gianggiang90bn,False
211,92060334037365,10817015865,6813145079,555725096,"S·∫£n ph·∫©m r·∫•t ch·∫•t l∆∞·ª£ng, t∆∞ v·∫•n nhi·ªát t√¨nh",5,uniquenguyn,False
212,99422562566673,10817015865,7615966880,268597218,"H√†ng chu·∫©n ƒë·∫πp nh∆∞ h√¨nh nh·ªè g·ªçn, ti·ªán l·ª£i",5,nemo_2k1,False
213,87546172408171,10817015865,6274148129,40056153,,5,nguyendu2703,False
214,100092420326882,10817015865,7706379541,689238598,"S·∫£n ph·∫©m thi·∫øt k·∫ø hay. Bao h∆°i th√¥ c·ª©ng, giao h√†ng ch·∫≠m qu√°.",4,tien54cb3,False
215,97645613278815,10817015865,7427861577,478898074,"Shop ƒë√≥ng g√≥i k·ªπ c√†ng, ch·∫Øc ch·∫Øn, d·ª•ng c·ª• ƒë·∫ßy ƒë·ªß, n√≥i chung l√† shop r·∫•t c√≥ t√¢m",5,m*****3,True
216,87064169292282,10817015865,6194169892,57009646,Nh·ªè g·ªçn,5,bachtungkr,False
217,105889028601566,10817015865,8355962242,295280504,,5,onhalongvinh,False
218,104253667349136,10817015865,8162928064,321715608,,5,hoanglong_28,False
219,101201970267477,10817015865,8125353754,195682643,,5,hieuhnht,False
220,103376773653517,10817015865,8109389490,622166841,,5,ho_tam_97,False
221,97454595531387,10817015865,7413732631,371308804,,5,n*****1,True
222,90268986016642,10817015865,6610709332,307413776,,5,hiephuynh666,False
223,94309693208853,10817015865,7076311662,127163821,,5,nguyenhoangnamtoan,False
224,88079927011915,10817015865,6439195857,307413776,,5,hiephuynh666,False
225,93241736182256,10817015865,6943724423,88660006,,4,kingler10000,False
226,83842085044701,10817015865,5870022887,68939502,,5,tranhop1234,False
227,93493836512309,10817015865,7028945743,472305097,,5,anh3ngao,False
228,84974548317944,10817015865,6043747440,207760697,,5,hoangdinh19951995,False
229,79520584093960,10817015865,5409611377,337342181,,5,huybq12,False
230,84434680411653,8476345695,5915243190,126296110,"ƒê·∫ßu v√≠t v√† ch√¢n v√≠t c√≥ nam ch√¢m h√∫t, thi·∫øt k·∫ø ch·∫Øc ch·∫Øc, c·∫£ h·ªôp ƒë·ª±ng c≈©ng c√≥ nam ch√¢m lu√¥n th·∫≠t tuy·ªát v·ªùi. Shop t∆∞ v·∫•n nhi·ªát t√¨nh, giao h√†ng nhanh ƒë√≥ng g√≥i si√™u c·∫©n th·∫≠n lu√¥n. C·∫£m ∆°n shop nhi·ªÅu",5,ancoii,False
231,84433442238306,8476345695,5931716094,21495138,"Th√©p t·ªët, ƒë·ªô ho√†n thi·ªán t·ªët, c√≥ nam ch√¢m c·∫£ tay c·∫ßm, ƒë·∫ßu v√≠t v√† v·ªè h·ªôp tr√°nh r∆°i khi rung l·∫Øc hay √∫p h·ªôp, c√≥ c·∫£ m√¥ t·∫£ ƒë·∫ßu v√≠t ·ªü t·ª´ng √¥. Nh·ªè g·ªçn ti·ªán l·ª£i. Do d·ªãch ship h∆°i l√¢u nh∆∞ng shop v·∫´n ƒëc 5s.",5,vovirus,False
232,84426567208139,8476345695,5910298604,139189239,"Shop ƒë√≥ng g√≥i h√†ng c·∫©n th·∫≠n ! 
S·∫£n ph·∫©m ch·∫•t l∆∞·ª£ng ho√†n thi·ªán t·ªët
ƒê·∫ßu v√≠t v√† th√¢n v√≠t ch·∫Øc ch·∫Øn .
Cho shop 5 sao , l·∫ßn sau s·∫Ω ·ªßng h·ªô ti·∫øp",5,duc27082001.,False
233,84427634136441,8476345695,5930098778,414127002,S·∫£n ph·∫©m ch·∫•t l∆∞·ª£ng tuy·ªát v·ªùi d√πng r·∫•t ok shop t∆∞ v·∫•n nhi·ªát t√¨nh .ƒë√°ng ti·ªÅn nha,5,menfashion27,False
234,84426450292468,8476345695,5923356762,5036843,"H√†ng ƒë·∫πp 
ƒê·∫ßu v√≠t s·∫Øc n√©t
Ch√∫c shop ƒë·∫Øt h√†ng. S·∫Ω ·ªßng h·ªô l·∫ßn sau....",5,tann13021990,False
235,84426831014527,8476345695,5911144438,140999864,"Giao h√†ng nhanh, ch·∫•t l∆∞·ª£ng r·∫•t t·ªët, ƒë√≥ng g√≥i c·∫©n th·∫≠n",5,chuot6319,False
236,84442880222186,8476345695,5940728305,121139021,,5,buicuongminh,False
237,84427233342271,8476345695,5912146824,84814642,"H√†ng ƒë√≥ng c·∫©n th·∫≠n, ƒë·∫πp nh∆∞ h√¨nh, x·ªãn s√≤, s·∫Ω ·ªßng h·ªô shop th√™m",5,sule210,False
238,100360029650896,8476345695,7769231836,39737119,"H√†ng chu·∫©n, gi√° t·ªët, ƒë√°ng ƒë·ªÉ mua nh√© m·ªçi ng∆∞·ªùi. Shop uy t√≠n, mua ·ªü ƒë√¢y m·∫•y l·∫ßn r·ªìi",5,se7enjang87,False
239,84446325392987,8476345695,5913360387,168172963,"D·ªãch nh∆∞ng m√† giao h√†ng c≈©ng r·∫•t nhanh nha. S·∫£n ph·∫©m x·ªãn x√≤ l·∫Øm, r·∫•t ƒë√°ng ti·ªÅn mua. L·∫ßn sau s·∫Ω ·ªßng h·ªô",5,ly.1234567890,False
240,84429720233921,8476345695,5910449249,39388854,"Tua v√≠t x·ªãn x√≤, ch·∫Øc ch·∫Øn. Shop chu ƒë√°o nhi·ªát t√¨nh k√®m c·∫£ th∆∞ c·∫£m ∆°n. Nh·ªè g·ªçn v√† ti·ªán d·ª•ng nh√© mn",5,t*****9,True
241,84426266081379,8476345695,5910988792,53695684,"Giao h√†ng nhanh, b·ªô v√≠t r·∫•t ƒë·∫πp v√† ch·∫Øc ch·∫Øn, nam ch√¢m h√∫t r·∫•t t·ªët. S·∫Ω ·ªßng h·ªô shop n·ªØa",5,quanmta,False
242,85644779028842,8476345695,6063652429,42976542,"h√†ng m∆∞·ªõt tay. r·∫•t ok
giao h√†ng h∆°i l√¢u.
d·ªãch v·ª• ok.
Pxpdna xcosn",5,nguyenthuy8989,False
243,84429414182437,8476345695,5903988836,41922121,"S·∫£n ph·∫©m ƒë√∫ng nh∆∞ h√¨nh , ch·∫•t l∆∞·ª£ng r·∫•t t·ªët, h√∫t r·∫•t ch·∫Øc ch·∫Øn , giao h√†ng nhanh , r·∫•t ok m·ªçi ng∆∞·ªùi nh√©",5,lethanhson1998,False
244,84445774397750,8476345695,5913926451,76067639,S·∫£n ph·∫©m gi·ªëng h√¨nh v√† m√¥ t·∫£ nh√© ch·∫Øc ch·∫Øn tuy ko chuy√™n cho ƒë·ªìng h·ªì nh∆∞ng ƒëth ch·∫Øc ok. M√† n√≥ c√≥ nam ch√¢m ·ªü h·ªôp v·ªõi c√°i b√∫t n√™n kh√° ti·ªán m·∫•y con ·ªëc nh·ªè nh·ªè sau khi th√°o s·∫Ω ko b·ªã r∆°i linh tinh,5,nhuquyh028,False
245,84447995150356,8476345695,5913222026,54232543,S·∫£n ph·∫©m ch·∫•t l∆∞·ª£ng. H√¨nh sao h√†ng v·∫≠y. +1 uy t√≠n cho ch·ªß shop nh√°,5,ngohung1195,False
246,84426605397022,8476345695,5934253681,9760117,"L√∫c ƒë·∫ßu khui box m√¨nh t∆∞·ªüng l√† c·ª•c pin d·ª± ph√≤ng. 
B·ªô vit ƒë∆∞·ª£c thi·∫øt k·∫ø t·ªâ m·ªâ r·∫•t ƒë·∫πp. Ch·∫•t l∆∞·ª£ng ok, ƒë·∫ßu v√≠t t·ª´ t√≠nh, c√°n c√≥ th·ªÉ xoay khi v·∫∑n ƒë·ªÅu l·ª±c dc. M√¨nh r·∫•t h√†i l√≤ng v·ªÅ s·∫£n ph·∫©m n√†y.",5,moneyslove,False
247,84437292021652,8476345695,5951042360,30419209,Hehe. ƒê·ªãnh ko rate ƒë√¢u c∆° m√† ∆∞ng qu√°. L·∫°i ƒë∆∞·ª£c shop h·ªó tr·ª£ nhi·ªát t√¨nh. 5 sao l√† x·ª©ng ƒë√°ng ü•∞ü•∞ü•∞,5,nguyendinhhau88,False
248,84432099193469,8476345695,5924846786,24011499,"S·∫£n ph·∫©m ch·∫Øc ch·∫Øn, giao h√†ng nhanh. Shop t∆∞ v·∫•n nhi·ªát t√¨nh",5,hoangtrieu68,False
249,84443646317890,8476345695,6116001031,36791820,"ƒê√≥ng g√≥i c·∫©n th·∫≠n, shop t∆∞ v·∫•n nhi·ªát t√¨nh, s·∫£n ph·∫©m nh√¨n ch·∫Øc ch·∫Øn v√† sang tr·ªçng",5,kimlama,False
250,84428160292387,8476345695,6083097413,492669427,S·∫Ω mua ·ªßng h·ªô shop ti·∫øp,5,h*****4,True
251,84441664106361,8476345695,5912638855,60262114,B·ªô t√¥ v√≠t si√™u x·ªãn  r·∫•t h·ªØu d·ª•ng  shop uy t√≠n,5,salonkhanhduong,False
252,110821188133051,8476345695,8911329921,243953607,,5,nhinhono1,False
253,108580172637883,8476345695,8672305958,409554082,,5,s*****i,True
254,101581878272689,8476345695,7840355267,69358451,,5,binhvuthanh94,False
255,100624459603333,8476345695,7812653606,322583569,,5,giadung66,False
256,97775234373460,8476345695,7435067101,178957931,,5,thanhdat9x2,False
257,87394880420808,8476345695,6301808107,135837087,,5,hainguyen19x,False
258,108975083392985,10315796164,8693119995,53738598,H√†ng ƒë√≥ng g√≥i c·∫©n th·∫≠n shop giao h√†ng nhanh ch√≥ng. H√†ng nh·ªè g·ªçn ti·ªán cho vi·ªác mang ƒëi . H√†ng ti·ªán d·ª•ng c√≥ nhi·ªÅu ch·ª©c nƒÉng  . Th√©p c·ª©ng c√°p ch·∫Øc ch·∫Øn 5 sao cho shop,5,d.trandoanh,False
259,108925641232306,10315796164,8702127606,44645392,H√†ng ƒë·∫πp qu√° ·∫° gi√° r·∫ª,5,mkvip1997,False
260,100711815278561,10315796164,7775559779,145743547,Kim khas oke nh·ªè g·ªçn giao h√†ng nhanh... tuyet voiwf hihihihu,5,lemanh1407,False
261,94317661022848,10315796164,7110113997,119916978,Nsjd dndkd dndkndnxjdbd dindf fb dkdnd dndnd dndnd djd  dhd d d hd dnd  dnƒë d dnndn,5,gaustore1993,False
262,91937037500637,10315796164,6813113574,76886874,Nh√¨n ch·∫Øc ch·∫Øn ƒë√≥. Ko bi·∫øt theo th·ªùi gian c√≥ b·ªã r·ªâ s√©t kh√¥ng. Nh·ªè g·ªçn.,5,ductho68,False
263,80414620386721,10315796164,5460202365,76512903,"R·∫•t l√† ∆∞ng √Ω nh√© m·ªçi ng! H√†ng ch·∫•t l∆∞·ª£ng, nh·ªè g·ªçn, ti·ªán l·ª£i! S·∫Ω ti·∫øp t·ª•c ·ªßng h·ªô shop nh√©!",5,nha250590,False
264,80199101572249,10315796164,5417990581,13701623,"B·ªô n√†y r·∫•t nh·ªè g·ªçn v·ª´a tay nh√©. Ko to n·∫∑ng nh∆∞ m·∫•y b·ªô kh√°c b·∫•t ti·ªán. C·∫£m gi√°c kh√° ch·∫Øc ch·∫Øn, ph√π h·ª£p v·ªõi nhu c·∫ßu c·ªßa m√¨nh. C√≤n b√°c n√†o c√≥ nhu c·∫ßu to kh·ªèe ch·∫Øc ph·∫£i ch·ªçn b·ªô to. L·∫ßn t·ªõi l·∫°i ·ªßng hook shop nh√©!",5,samuelphuong,False
265,80413384517577,10315796164,5450287238,71323606,Qu√° ch·∫•t l∆∞·ª£ng. H√†ng ngon ƒë·∫•y. Nhi·ªÅu l√∫c s·∫Ω c·∫ßn d√πng ƒë·∫•y. Thanks shop nh√©.,5,phi_manh_quan.93,False
266,80208236397401,10315796164,5425910906,286496230,"k√¨m c·ª©ng v√† ch·∫Øc, m√¨nh c·∫Øt ƒëc c·∫£ n·∫Øp chai, dao kh√° b√©n, c∆∞a c≈©ng ok, n√≥i chung shop b√°n h√†ng c√≥ t√¢m, giao h√†ng nhanh",5,tung_lam99,False
267,80464922457177,10315796164,5444092192,83210343,K√¨m h·ªãn qu√° ƒë·ªÉ ph√≤ng th√¢n qu√° h·ª£p l√≠ c√≤n l√†m ƒëc m√≥c kho√° lu√¥n.   Shop nhi·ªát t√¨nh l·∫Øm lu√¥n ƒë·∫∑t 3 h chi·ªÅu qua m√† tay ƒë√£ c·∫ßm tr√™n tay lun r√πi.c√°m ∆°n shop nhi·ªÅu,5,pihien537,False
268,80305272418169,10315796164,5443205576,31470191,"Giao h√†ng r·∫•t nhanh, shop t∆∞ v·∫•n nhi·ªát t√¨nh. R·∫•t ok",5,boyphonui997,False
269,80214865215493,10315796164,5437654274,43223160,"H√†ng si√™u t·ªët, g·ªçn g√†ng, ch·∫Øc ch·∫Øc, giao h√†ng nhanh, c·∫£m ∆°n shop",5,nguyenkhanh5511,False
270,80214254545917,10315796164,5430497320,461959184,"X·ªãn s√≤ th·ª±c s·ª±, ƒë·ªß c√°c th·ª© lu√¥n m√† l·∫°i g·ªçn nh·∫π",5,qh38yiobh1,False
271,98268016779646,10315796164,7513761161,337500113,S·∫£n ph·∫©m ch·∫Øc ch·∫Øn nh∆∞ng h∆°i c·ª©ng ·ªü c√°c kh·ªõp nh√¨n chung  l√† t·∫°m ·ªïn. V√¨ k ph·∫£i ƒë·ªì chuy√™n d·ª•ng. D√πng v√†o vi·ªác nh·∫π,4,t*****9,True
272,108932524250399,10315796164,8689175900,31905899,"Giao h√†ng nhanh , shop ph·ª•c v·ª• t·ªët , k√¨m ch·∫Øc ch·∫Øn v√† nhi·ªÅu ch·ª©c nƒÉng",5,quandohong,False
273,92946954095604,10315796164,6897546821,126013729,"S·∫£n ph·∫©m ƒë·∫πp v√† g·ªçn g√†ng, kh√¥ng c√≥ d·∫•u hi·ªáu gia c√¥ng s∆° s√†i. C√°c ƒë·∫ßu c√¥ng c·ª• khi m·ªü h·∫øt v√†o kh·ªõp r·∫•t ch·∫Øc. Th·ª≠ qua th·∫•y 2 dao r·∫•t s·∫Øc v√† c·∫Øt qua ƒë∆∞·ª£c lon Coca. K√¨m v·∫∑n ch·∫Øc tay. K√®m theo k√¨m l√† m·ªôt t√∫i ƒë·ª±ng nh·ªè c√≥ th·ªÉ lu·ªìn v√†o th·∫Øt l∆∞ng kh√° ti·ªán. N√≥i chung l√† m√≥n h·ªùi so v·ªõi gi√° ti·ªÅn b·ªè ra.",5,d.duong0102,False
274,109316880612862,10315796164,8761212172,47505763,"d√πng r·∫•t th√≠ch, d·ª•ng c·ª• ƒëa nƒÉng, ƒëi ph∆∞·ª£t th√¨ h·∫øt s·∫£y, shop nhi·ªát t√¨nh ·ªßng h·ªô shop l√¢u d√†i",5,k*****2,True
275,98557662512694,10315796164,7512296757,26645139,"Ch·∫•t l∆∞·ª£ng h√†ng r·∫•t t·ªët, nh·ªè g·ªçn ch·∫Øc ch·∫Øn, ph√π h·ª£p voies gi√° ti·ªÅn",5,n*****s,True
276,94054652560845,10315796164,7034353753,100556491,"K√¨m x·ªãn, ch·∫Øc ch·∫Øn, h√†ng ƒë·∫πp nh∆∞ ·∫£nh",5,cauchumoc1234,False
277,108919869307525,10315796164,8690242175,51788,H√†ng d√πng t·ªët. Ae n√™n mua nh√©. Shop nhi·ªát t√¨nh,5,boynd,False
278,98286288613456,10315796164,7542793355,7574199,"ƒê√£ ƒë·∫∑t 1 l·∫ßn, ti·ªán d·ª•ng v√† nh·ªè g·ªçn n√™n ƒë·∫∑t th√™m cho b·∫°n",5,n*****o,True
279,90264034118583,10315796164,6770509186,73881242,"k√¨m d√πng kh√° ti·ªán d·ª•ng v√† ch·∫Øc ch·∫Øn. C√°c t√≠nh nƒÉng ƒë·ªÅu ·ªïn, ngo√†i tr·ª´ dao h∆°i c√πn. Giao h√†ng c≈©ng kh√° nhanh",5,hnakiller1408,False
280,80274532167000,10315796164,5498069150,310762772,H√†ng ƒëeÃ£p ƒë√∫ng ch·∫•t l∆∞∆°Ã£ng giao haÃÄng nhanh t∆∞ v√¢ÃÅn nhi√™Ã£t tiÃÄnh,5,phamvantu0325,False
281,98287105397105,10315796164,7486872445,48602173,,5,noway94,False
282,87568532330353,10315796164,6323355906,59053814,,5,n*****u,True
283,96815600216255,10315796164,7434974142,7574199,"Th·ªùi gian giao h√†ng nhanh, s·∫£n ph·∫©m ch·∫•t l∆∞·ª£ng nh∆∞ b√†i vi·∫øt, s·∫Ω ti·∫øp t·ª•c mua ·ªßng h·ªô shop",5,nhango,False
284,98271934226721,10315796164,7514547646,537725057,,5,datdat779988,False
285,96527815009422,10315796164,7334108485,121526163,H√¨nh ·∫£nh ch·ªâ mang t√≠nh nh·∫≠n xu. H√¨nh ·∫£nh ch·ªâ mang t√≠nh nh·∫≠n xu. H√¨nh ·∫£nh ch·ªâ mang t√≠nh nh·∫≠n xu.,5,ngyenthanhbinh123,False
286,95073110128121,10315796164,7218036641,223743110,H∆°i b√©,4,hoanghai.ks,False
287,103686987562623,10315796164,8093933787,83499206,,5,m*****5,True
288,103717750375822,10315796164,8104502446,105867976,,5,hoanghoatvbhp,False
289,96863080279985,10315796164,7591402799,82405058,,5,lamvanreo,False
290,98270105623752,10315796164,7493005071,133766572,,5,mrhoanghuy1234,False
291,96530814337154,10315796164,7304268109,83805960,,5,t*****6,True
292,84958473274255,10315796164,6087405029,231131662,,5,lenhatxuan86,False
293,80743787222810,10315796164,5493647166,495398234,,5,nguyenxuanbinhbk,False
294,106977588360974,11132394617,8462038643,26425483,"M√°y r·ª≠a xe nh·ªè g·ªçn, ti·ªán l·ª£i. M√°y nh·ªè nh∆∞ng x·ªãt kh√° m·∫°nh. Shop ƒë√≥ng g√≥i h√†ng c·∫©n th·∫≠n. Giao h√†ng nhanh. ·ª¶ng h·ªô 5 sao cho shop.",5,hanyueme,False
295,95596752108353,11132394617,7260884028,125153394,"H√¨nh ·∫£nh mang t√≠nh ch·∫•t nh·∫≠n xu v√¨ camera b·ªã h·ªèng :v
N√≥i chung l√† h√†ng nh∆∞ h√¨nh ƒë·∫πp. D·ªÖ l·∫Øp ƒë·∫∑t. M·∫°nh l·∫Øm m·ªçi ng∆∞·ªùi x·ªãt m√† bung c·∫£ l·ªõp √°o b√™n ngo√†i t∆∞·ªùng. V√¨ m·∫°nh qu√° n√™n x·ªãt h·ªèng m·∫•t s√¢n b·ªã m·∫π ch·ª≠i m·∫•t m·∫•y ng√†y :v nh∆∞ng m√† s·∫£n ph·∫©m ƒë√°ng ƒë·ªìng ti·ªÅn 10 ƒëi·ªÉm. Ship c≈©ng r·∫•t nhi·ªát t√¨nh t∆∞ v·∫•n. 5 saooooo",5,anhducbui0306,False
296,92942342183599,11132394617,6939405140,45153664,"M√°y r·ª≠a xe √°p l·ª±c l·ªõn ƒë√∫ng nh∆∞ m√¥ t·∫£ c·ªßa shop, nh·∫≠n m√°y v·ªÅ ƒë·∫ßy ƒë·ªß l·∫Øp ƒë·∫∑t c≈©ng d·ªÖ d√†ng, m√°y r·∫•t ti·ªán l·ª£i d·ªÖ s·ª≠ d·ª•ng v√† linh ho·∫°t trong vi·ªác di chuy·ªÉn, ch·∫•t l∆∞·ª£ng qu√° tuy·ªát v·ªùi.
Shop t∆∞ v·∫•n nhi·ªát t√¨nh, giao h√†ng nhanh m√† ƒë√≥ng g√≥i c·ª±c k·ª≥ c·∫©n th·∫≠n.
Sp kh√¥ng th·ªÉ thi·∫øu trong m·ªói gia ƒë√¨nh
C·∫£m ∆°n shop",5,d*****9,True
297,92583281035269,11132394617,6874579553,80426387,"M√°y b√© m√† x·ªãt c·ª±c m·∫°nh ngang m√°y r·ª≠a chuy√™n nghi·ªáp c·ªßa ti·ªám lu√¥n, d·ªÖ l·∫Øp ƒë·∫∑t v√† v·∫≠n h√†nh,c√≥ kho√° ch·ªëng tr·∫ª em,c√≥ ƒë·ªß m√≥c treo ·ªëng v√† d√¢y ƒëi·ªán, d√¢y h∆°i ng·∫Øn n√™n ch·∫Øc m√¨nh c·∫ßn ph·∫£i chi th√™m v√†i ch·ª•c k ra h√†ng s·∫Øt mua th√™m k√©o cho ƒë√£, m·∫•y lo·∫°i r√™u ·ªü c·ªïng x·ªãt c√†y tung nh∆∞ c·∫°o lu√¥n.",5,hbstore1,False
298,92620805318463,11132394617,6887952193,108511998,"M√°y mini nh∆∞ng r·∫•t kho·∫ª, x·ªãt s√¢n r·ª≠a xe th√¨ ·ªëi d·ªìi √¥i lu√¥n m·ªçi ng∆∞·ªùi :)) shop ƒë√≥ng h√†ng k·ªπ, t∆∞ v·∫•n h·ªó tr·ª£ r·∫•t nhi·ªát t√¨nh, s·∫Ω ·ªßng h·ªô shop th√™m üëçüëç",5,nguyenlong0307,False
299,90333591190217,11132394617,6613445362,254310529,"S·∫£n ph·∫©m ch·∫•t l∆∞·ª£ng t·ªët, d√πng r·ª≠a xe, x·ªãt s√¢n r·∫•t t·ªët, ph√π h·ª£p v·ªõi gi√° ti·ªÅn. M·ªõi d√πng 1 l·∫ßn ch∆∞a bi·∫øt ƒë·ªô b·ªÅn. Cho shop 5 sao",5,haitheo2000,False
300,108213564316291,11132394617,8639141706,596121180,Shop t∆∞ v·∫•n nhi·ªát t√¨nh . Giao h√†ng nhanh d√πng r·∫•t oke lu√¥n,5,nguyenmanhtri_1998,False
301,92661623572657,11132394617,6854136422,181428821,"Giao h√†ng nhanh v√£i ch∆∞·ªüng. Ph·ª• ki·ªán ƒë·∫ßy ƒë·ªß, 2 b·ªë con ng·ªìi l·∫Øp r√°p 1 l√∫c c≈©ng xong, m√°y kh√° ƒë·∫πp v√† nh·∫π, ƒëang ƒë·ªãnh mang ra d√πng th·ª≠ th√¨ b·ªã v·ª£ ra m·∫Øng cho v√¨ gi·ªØa tr∆∞a ko ch·ªãu ƒëi ng·ªß @@. ƒê·ªÉ t·ªëi test th·ª≠ l·∫°i xem.",5,wessermienbac,False
302,93698904134526,11132394617,7023385237,42801785,"Shop t∆∞ v·∫•n v√† chƒÉm s√≥c kh√°ch h√†ng chu ƒë√°o. M√°y ngon trong t·∫ßm gi√°. L·ª±c n∆∞·ªõc ·ªïn. 
S·∫Ω ti·∫øp t·ª•c ·ªßng h·ªô shop cho nh·ªØng s·∫£n ph·∫©m sau.",5,thaihieukd,False
303,93357058339937,11132394617,6998192196,114697436,MaÃÅy si√™u siÃ£n soÃÄ v√™ÃÅt keo chu√¥Ã£t diÃÅnh n∆∞Ãâa nƒÉm nay xiÃ£t bay caÃÅi m√¥Ã£t maÃÄ d∆°Ãâ luÃÅc xiÃ£t hiÃÅ h∆∞Ãâng k quay c√¢ÃÅt r m∆°ÃÅi nh∆°ÃÅ ƒë√™Ãâ review v: shop nhi√™Ã£t tiÃÄnh th√¢ÃÅy miÃÄnh baÃâo k bi√™ÃÅt lƒÉÃÅp laÃÄ coÃÅ ng alo chiÃâ caÃÅch lƒÉÃÅp lu√¥nn quaÃÅ x∆∞ÃÅng ƒëaÃÅng 5‚òÖü§£ü§£,5,huyen11115,False
304,106726019336202,11132394617,8444953474,421350780,"M√°y d·ªÖ l·∫Øp ƒë·∫∑t, s·ª©c n∆∞·ªõc m·∫°nh qu√°. Kho·∫£n giao h√†ng th√¨ th·∫≠t s·ª± l·∫ßn ƒë·∫ßu th·∫•y giao nhanh v·∫≠y.H√¥m tr∆∞·ªõc h√¥m sau c√≥ lu√¥n",5,haviastore,False
305,96457884295475,11132394617,7624017626,24336380,"M√°y d√πng t·ªët, d·ªÖ l·∫Øp ƒë·∫∑t. R·∫•t ƒë√°ng s·ª≠ d·ª•ng nh√©, gi√° x·∫£ h·ª£p l√Ω s·∫Ω mua th√™m n·∫øu c·∫ßn",5,frank.m.nguyen,False
306,94675161296055,11132394617,7190956279,19809934,"M√°y g·ªçn nh·∫π, ch·∫°y c√≥ th·ªÉ g·ªçi l√† √™m, ƒë·ªô ·ªìn kh√¥ng t·ªõi n·ªói n√†o. Ph·ª• ki·ªán ƒë·∫ßy ƒë·ªß okay, ch·ªâ c√≥ ƒëi·ªÅu d√¢y zin ng·∫Øn qu√°... X·ªãt xe m√°y qu√° ok lu√¥n üëå nh∆∞ng xe h∆°i th√¨ c·∫ßn ph·∫£i mua th√™m d√¢y d√†i g·∫•p ƒë√¥i ü•∫",5,supermia,False
307,95009590193066,11132394617,7180509531,48958781,"Test nhanh th·∫•y qu√° ·ªïn trong t·∫ßm ti·ªÅn
ƒê·ªÉ s√†i l√¢u xem c√≥ b·ªÅn kh√¥ng.
Shop h·ªó tr·ª£ r·∫•t t·ªët",5,e*****6,True
308,91425717000511,11132394617,6722476887,16829495,"Ch·∫•t l∆∞·ª£ng s·∫£n ph·∫©m r·∫•t t·ªët, gi√° th√†nh r·∫ª nh·∫•t trong c√°c shop, ph·ª•c v·ª• ƒë√°o, t∆∞ v·∫•n t·∫≠n t√¨nh, g·ªçi ƒëi·ªán c·∫£ cho kh√°ch h√†ng t∆∞ v·∫•n khi g·∫∑p v·∫•n ƒë·ªÅ v·ªÅ ƒë∆°n h√†ng, verry good",5,truongviethoang805,False
309,92628670417143,11132394617,6873379021,58245777,"B∆°m ƒë·∫πp, ch·∫Øc ch·∫Øn, d√πng r·∫•t th√≠ch",5,thienbinhhaui,False
310,93007731573332,11132394617,6930808404,16042366,"H∆°i ·ªìn, t·ªën n∆∞·ªõc ph·∫øt. ƒê∆∞·ª£c c√°i m√°y m·∫°nh v√† nh·∫π, ƒë·ªô b·ªÅn ƒë·ªÉ xem th·∫ø n√†o ƒë√£.",5,trandongk58,False
311,94695585167945,11132394617,7116015888,33970751,Shop giao h√†ng nhanh. M√¨nh ƒë√£ l·∫Øp gh√©p xong ch∆∞a d√πng k bi·∫øt ch·∫•t l∆∞·ª£ng c√≥ ok nh∆∞ qu·∫£ng c√°o k.,5,d*****1,True
312,93007093457911,11132394617,6974581714,616131866,Nh·ªè g·ªçn m√°y r·∫•t kho·∫ª,5,quangbnh192,False
313,91426909306267,11132394617,6761019256,185298708,"M√°y c·ª±c nh·∫π, phun t·ªët, d·ªÖ l·∫Øp r√°p. Shop g·ª≠i thi·∫øu ph·ª• ki·ªán cho m√¨nh nh∆∞ng ƒë√£ gi·∫£i quy·∫øt v√† ƒë·ªìng √Ω g·ª≠i th√™m. Ti·∫øp t·ª•c d√πng ƒë·ªÉ ƒë√°nh gi√° l·∫°i ch·∫•t l∆∞·ª£ng",5,flagggna,False
314,92638774510679,11132394617,6853159835,214456278,"Shop giao nhanh , ƒë√≥ng g√≥i c·∫©n th·∫≠n. M√¨nh ƒëang b·∫≠n n√™n ch∆∞a b·ªè ra d√πng th·ª≠ , m·ªõi khui h·ªôp th√¥i",5,tuank9cnhn,False
315,92965757316360,11132394617,6931043732,46638770,"Shop giao h√†ng nhanh, ƒë√≥ng g√≥i c·∫©n th·∫≠n. M√°y mini nh∆∞ng x·ªãt r·∫•t m·∫°nh, ƒë·∫ßy ƒë·ªß ph·ª• ki·ªán ch·ªâ c·∫ßn l·∫Øp l·∫°i l√† s·ª≠ d·ª•ng. C√≥ ƒëi·ªÅu ki·ªán s·∫Ω ·ªßng h·ªô shop d√†i d√†i",5,tran_van_tuyen,False
316,109442450260519,11132394617,8797718564,56180935,"Ch·∫•t l∆∞·ª£ng s·∫£n ph·∫©m:Shop uy t√≠n

H√†ng ch·∫•t l∆∞·ª£ng ƒë√£ r·ª≠a xe gi√° ti·ªÅn r·∫•t t·ªët",5,huynhcnc,False
317,94308348108223,11132394617,7098483551,231157057,"S·∫£n ph·∫©m r·∫•t xinh ƒë·∫πp tuy·ªát v·ªùi, t√¥i kh√¥ng th·ªÉ tr√¥ng ƒë·ª£i g√¨ h∆°n. C·∫£m ∆°n nh√† cung c·∫•p, nh√† s·∫£n xu·∫•t, c·∫£m ∆°n ng∆∞·ªùi b√°n h√†ng, c·∫£m ∆°n s√†n th∆∞∆°ng m·∫°i ƒëi·ªán t·ª≠, c·∫£m ∆°n ng∆∞·ªùi v·∫≠n chuy·ªÉn ƒë·ªÉ t√¥i c√≥ c∆° h·ªôi d√πng s·∫£n ph·∫©m t·ªët nh∆∞ th·∫ø n√†y.",5,m*****n,True
318,96707685047610,11132394617,7348391645,48046318,"M√°y ƒë·∫πp, nh·ªè, g·ªçn, ph·ª• ki·ªán ƒëi k√®m r·∫•t ƒë·∫ßy ƒë·ªß, ƒë√≥ng g√≥i s·∫£n ph·∫©m r·∫•t c√≥ t√¢m 5‚≠êÔ∏è",5,t*****r,True
319,94308143549290,11132394617,7079176384,60411639,"M√°y b∆°m kh·ªèe , nh√¨n r·∫•t ch·∫Øc ch·∫Øn , s·∫Ω ·ªßng h·ªô shop",5,ductuan_nb,False
320,94970191194871,11132394617,7163862979,326627687,Ìïò„Öè„Öè„Öè„ÖèÏñ¥„Öó„Öó„Öó„Öó„Öó„ÖóÎ®∏„Öú„Öú„Öú„Öú„Öú„Öú„Öú„Öú„Öú„Öú„Öú„Öú„Öú„Öú„Öú„ÖúÎãà,5,l55d3thxv6l1_vf_wlcwztf4j7m6,False
321,93161100534194,11132394617,7123757748,68633965,Qu√™n m·∫•t ko ch·ª•p ·∫£nh. Nh∆∞ng ch·∫•t l∆∞·ª£ng r·∫•t t·ªët. X·ªãt m·∫°nh. Tuy·ªát,5,tuyettrinh12354,False
322,90987441327460,11132394617,6767187477,115730269,N√≥i chung s·∫£n ph·∫©m v·ªÅ l√¢u v·ªÅ d√†i k bi·∫øt sao. Ch·ª© gi·ªù th√¨ ok. ƒê√°nh gi√° shop 5 sao v·ªÅ c√°ch ph·ª•c v·ª• l·∫´n t∆∞ v·∫•n nhi·ªát t√¨nh. C√≤n b√™n b·ªô ph·∫≠n h·ªó tr·ª£ k·ªπ thu·∫≠t c·∫ßn xem x√©t l·∫°i nh√©. Gi·∫•y hd to√†n ti·∫øng trung k√®m theo ƒë√≥ l√† youtube k c√≥ 1 video h∆∞·ªõng d·∫´n n√™n m·ªõi c·∫ßn h·ªó tr·ª£ ch·ª© c√≥ th√¨ c≈©ng k c·∫ßn t·ªõi ƒë√¢u.!!!,5,tuthanhhao,False
323,107355688692240,11132394617,8520301575,507535970,Shop ƒë√≥ng g√≥i c·∫©n th·∫≠n. M·ªõi d√πng c≈©ng ƒë∆∞·ª£c kh√¥ng bi·∫øt d√πng l√¢u c√≥ sao kh√¥ng,5,meoqt88,False
324,109669761138961,11132394617,8775926868,79802928,Ch·∫•t l∆∞·ª£ng s·∫£n ph·∫©m:ok nh√© c·∫£ nh√†,5,trenghe95,False
325,94999286070954,11132394617,7159338971,74880820,N√≥i chung l√† oke üëçüëç,5,bikhay,False
326,95961835108227,11132394617,7273972913,406046597,Chdjsjdjdhxhchdhsjshsjfjdjdjjdhdhdhdhdhdbfbdhdjsjd,5,cuong_thinh1210,False
327,110833678151410,11132394617,8916779965,788122309,,5,truonggianglsnguyen,False
328,96178128138613,11132394617,7427968216,13531050,,5,hailinh91,False
329,95073402030331,11132394617,7358602663,432561003,,4,t*****2,True
330,94727383246298,11132394617,7139297607,22122722,,5,hoangvukhcn,False
331,94921540370765,11132394617,7182221258,86151613,,5,jennyhang93,False
332,93710445483805,11132394617,7052344731,87130394,,5,saocuatoi1,False
333,94125855219347,11132394617,7180254396,130561789,,5,le_huynh_duc99,False
334,91427550097620,11132394617,6758736173,52903417,,5,giacao1002,False
335,93270316450606,11132394617,6993694185,370614046,,4,nguyenthanhdong93hy,False
336,89970870095438,11132394617,6651777016,7530942,,5,anhhieu12,False
337,106210424209079,10617063053,8485569176,32116714,"Giao h√†ng nhanh
Gi√° r·∫ª. Ch·∫•t th√©p t·ªët
H·ªôp h∆°i c·ªìng k·ªÅnh, m·∫•y m√≥n c·∫≠y ƒëi·ªán tho·∫°i mua pin n√≥ cho lu√¥n, ko c·∫ßn trong b·ªô n√†y",5,haiductran1,False
338,106246831555959,10617063053,8403827204,98741076,"Giao h√†ng nhanh, nh∆∞ng ch·∫•t l∆∞·ª£ng s·∫£n ph·∫©m ch∆∞a ƒë∆∞·ª£c t·ªët l·∫Øm!",5,lexuanthang3210,False
339,107082307586175,10617063053,8525686629,215687550,"ƒê√≥ng g√≥i t·∫°m ·ªïn, v·∫≠n chuy·ªÉn m√≥p m√©o kh√° n·∫∑ng, c≈©ng may kh√¥ng ·∫£nh h∆∞·ªüng ƒë·∫øn s·∫£n ph·∫©m. Linh ki·ªán ƒë·∫ßy ƒë·ªß, ch·∫•t l∆∞·ª£ng v·∫≠t li·ªáu trung b√¨nh, ch∆∞a ƒë∆∞·ª£c s·∫Øc n√©t.",3,100_centimet,False
340,105085114233609,10617063053,8296633707,107107690,"Nh·ªè g·ªçn, c·ª©ng c√°p r·∫•t ƒë√°ng mua ch·ªâ t·ªôi ship h∆°i l√¢u
5 sao nha üëåüèª.",5,minhman123vkl,False
341,89092326051644,10617063053,6589794464,398431975,Sp d√πng t·ªët giao h∆°i l√¢u l·∫ßn sau s·∫Ω ·ªßng h·ªô shop mn cx nh·ªõ ·ªßng h·ªô shop nha,5,n*****9,True
342,82218029401118,10617063053,5668919548,508022716,"Shop giao h√†ng nhanh , ƒë√≥ng g√≥i ƒë·∫πp ,ch·∫•t l∆∞·ª£ng s·∫£n ph·∫©m t·ªët .c√°c b·∫°n n√™n mua nh√© . M√¨nh s·∫Ω ti·∫øp t·ª•c ·ªßng h·ªô shop üòÑ...",5,3251ygus1u,False
343,80556698470364,10617063053,5457004110,461959184,"B·ªô tua v√≠t c√≥ nhi·ªÅu lo·∫°i, r·∫•t ti·ªán d·ª•ng, d√πng r·∫•t th√≠ch",5,qh38yiobh1,False
344,80564432531299,10617063053,5472726656,352746303,Sp ƒë√≥ng g√≥i k·ªπ cang. B·ªô ƒë·∫ßu v·∫∑n ƒë·∫ßy ƒë·ªß c·ª©ng c√°p  ƒëa d·ª•ng ph√π h·ª£p vs nhi·ªÅu y√™u c·∫ßu kh√°c khau. C·∫£m ∆°n shop,5,q281094,False
345,86070937434168,10617063053,6098355541,357351461,,5,9l9hhmn4ai,False
346,106333550652036,10617063053,8393183002,257161947,"Giao h√†ng nhanh, ƒë√≥ng g√≥i ch·∫Øc ch·∫Øn, c√≥ nhi·ªÅu ƒë·∫ßu to nh·ªè d·ªÖ thay",5,manunited88,False
347,96226604555327,10617063053,7268173705,61204614,"Giao h√†ng nhanh, ƒë·ªì ƒë·∫πp, n√≥i chung l√† h√†i l√≤ng!",5,nampisu,False
348,97834175396108,10617063053,7518056697,563856727,"b·ªô v√≠t t·ªët ch·∫•t l∆∞·ª£ng, nhi·ªÅu ƒë·∫ßu v√≠t ti·ªán d·ª•ng, ƒë·∫ßy ƒë·ªß ph·ª• ki·ªán.",5,k*****2,True
349,109680875142343,10617063053,8795196434,160233183,"Ch·∫•t l∆∞·ª£ng s·∫£n ph·∫©m:CH·∫§T L∆Ø·ª¢NG T·ªêT, NAM CH√ÇM H√öT M·∫†NH C√íN V·ªÄ CH·∫§T L∆Ø·ª¢NG L√ÇU D√ÄI TH√å PH·∫¢I C√ì TH·ªúI GIAN TR·∫¢I NGHI·ªÜM",5,tho520n,False
350,104439476231530,10617063053,8238732478,100050129,"chu·∫©n lu√¥n, ƒë√∫ng ki·ªÉu d√†nh cho th·ª£ thuy·ªÅn. c√°c m≈©i v·∫∑n inox r·∫•t c·ª©ng b·ªÅn, kh√¥ng c√≥ b·∫•t k·ª≥ d·∫•u hi·ªáu bi·∫øn d·∫°ng n√†o khi m√¨nh c√°c m≈©i ƒë·∫ßu si√™u nh·ªè (m√¨nh m·ªü v√≠t laptop, r·∫•t oke)",5,h*****7,True
351,109737535133322,10617063053,8775249485,110620136,"T·ªët, giao h√†ng nhanh",5,hntrinh1,False
352,106838552658922,10617063053,8464789009,764000177,H√†ng oke nh√¨n cao c·∫•p th·∫≠t :),5,quynv671,False
353,103844065388404,10617063053,8181023216,521398749,d√πng v·∫∑n ƒëc 1 l·∫ßn to√©t h·∫øt ƒë·∫ßu,3,tuan_cuong225,False
354,94815795087381,10617063053,7152801218,29888218,"D√πng th√≠ch, ƒë·ªß ƒë·ªì, th√©p t·ªët",5,hoanghamdo,False
355,85048326464239,10617063053,6057354498,290893516,T·ªët,5,kientran0968183286,False
356,109579662692311,10617063053,8756247194,43500102,,5,hippo001,False
357,106984301534146,10617063053,8462984489,67354037,,5,nguyenminhvan1407,False
358,106914530228227,10617063053,8464410469,354264517,,5,iparklei12,False
359,104582515519475,10617063053,8219909828,90104082,,5,d*****8,True
360,103695385360449,10617063053,8107707534,108308721,,5,h*****2,True
361,104847784587638,10617063053,8256956397,686444061,,5,ibker_210,False
362,103303432337662,10617063053,8050560986,165520807,,5,kalenz94,False
363,102418385252312,10617063053,7965459893,66641608,,3,lmh.nl,False
364,95277873145202,10617063053,7232984550,36083017,,5,t*****d,True
365,87542194430238,10617063053,6409538658,28013718,,4,n*****7,True
366,87568785003005,10617063053,6329553122,93960923,,5,minhbui8691,False
367,86381588123316,10617063053,6126055531,338391379,,5,tieutrung89,False
368,85980512425227,10617063053,6183899275,408258490,,5,mvpvn.official,False
369,98648897223188,8976353641,7558579968,180033591,"Ch·∫•t l∆∞·ª£ng s·∫£n ph·∫©m tuy·ªát v·ªùi, r·∫•t ƒë√°ng ti·ªÅn, th·ªùi gian giao h√†ng nhanh",5,j*****u,True
370,82058888459462,8976353641,5653177198,81640799,"D·ª•ng c·ª• ƒëa ch·ª©c nƒÉng, ti·ªán d·ª•ng, hi·ªáu qu·∫£. Ch·∫•t l∆∞·ª£ng r·∫•t t·ªët. Shop ƒë√≥ng g√≥i c·∫©n th·∫≠n giao h√†ng nhanh.gi√° c·ª≠ h·ª£p l√Ω 5*",5,congtusamac,False
371,81725683453539,8976353641,5582880347,29222806,"Spham t·ªët,ph√π h·ª£p v·ªõi gi√° ti·ªÅn, shop ph·ª•c v·ª• r·∫•t chu ƒë√°o, ƒë√≥ng g√≥i kƒ©, ch·∫Øc ch·∫Øn. Giao h√†ng si√™u nhanh nha mn",5,1994.since,False
372,81680505150637,8976353641,5583120995,150656234,"S·∫£n ph·∫ßm ƒëa nƒÉng , nh√¨n ch·∫Øc g·ªçn , kh√° ti·ªán , ch·∫Øc ch·∫Øn mang ƒë·ªÉ xe d·ª± ph√≤ng hay s·ª≠a ch·ªØa ti·ªán l·ª£i",5,tienich_thongminhhd,False
373,81699826459906,8976353641,5602857494,26549157,"H√†ng si√™u c·ª©ng c√°p lu√¥n, qu√° ·ªïn v·ªõi m·ª©c gi√° n√†y. Shop giao h√†ng nhanh ch√≥ng m·∫∑t. R·∫•t n√™n mua nha m·ªçi ng∆∞·ªùi. Ch·∫•t l∆∞·ª£ng d·ªãch v·ª• c≈©ng r·∫•t t·ªët n·ªØa.",5,n*****4,True
374,81680690322661,8976353641,5632379735,499084655,ƒê√£ nh·∫≠n ƒë∆∞·ª£c s·∫£n ph·∫©m. Giao h√†ng r·∫•t nhanh nha. Ch·∫•t l∆∞·ª£ng ho√†n thi·ªán r·∫•t t·ªët. C·∫ßm r·∫•t ch·∫Øc tay. C·∫£m ∆°n shop nhi·ªÅu nha,5,ecompark,False
375,81696697331173,8976353641,5582228521,54555794,"S·∫£n ph·∫©m ƒë·∫πp, giao h√†ng nhanh, ch·∫Øc l√† h·ªØu √≠ch l·∫Øm ƒë√¢y",5,nguyenhoang6999,False
376,109579662692311,8976353641,8756247191,43500102,,5,hippo001,False
377,108580172637883,8976353641,8672305961,409554082,,5,s*****i,True
378,108783548217008,8976353641,8689733037,58109970,,5,ng_phuongnam,False
379,108453144332515,8976353641,8646478143,49544018,,5,quyetthang1995,False
380,102695565288498,8976353641,7965484684,335247721,,5,dvthg.99,False
381,87452377449400,9286798724,6287983732,18660437,Giao h√†ng nhanh.....C·∫ßm ch·∫Øc tay......kh√° ·ªïnnnn.........,5,h*****9,True
382,103042658612233,9286798724,8056401422,595588935,,5,hungpham796,False
383,85384756418201,9286798724,6064099597,39737119,"Li√™n h·ªá v·ªõi shop r·∫•t ch·∫≠m ph·∫£n h·ªìi. Giao h√†ng ch·∫≠m. Kh√¥ng c√≥ s·ªë ƒëi·ªán tho·∫°i li√™n h·ªá.
Update: SHop ƒë√£ li√™n h·ªá l·∫°i v√† xin l·ªói v√¨ l√Ω do kh√°ch quan, ok m√¨nh tƒÉng th√™m 1* ƒë·ªÉ shop c·ªë g·∫Øng h∆°n n·ªØa trong v·∫•n ƒë·ªÅ CSKH",4,se7enjang87,False
384,102504811230362,9286798724,7948810609,572818469,ok s·∫£n ph·∫©m nh∆∞ gi·ªõi thi·ªáu,5,nhakhoacthnh,False
385,86332846488472,9286798724,6225816383,318197598,Ttt,5,huytho113,False
386,83556836684443,9286798724,5841349471,51772028,Mshsgskananybhakaamnabananansmsnynynynynjajsjy.h√†ng ok,5,l*****o,True
387,90326463071801,9286798724,6618352566,537315842,Xin 200xu,4,4uwq46adr6,False
388,97819231094935,12131405519,7562956848,335991183,"Giao h√†ng nhanh, ƒë√≥ng g√≥i k·ªπ, h√†ng d√πng r·∫•t t·ªët, m·∫•y ng√†y n·ªìm ·∫©m s·∫•y r·∫•t t·ªët, s·∫•y ƒë·ªì cho tr·∫ª nh·ªè r·∫•t ·ªïn. N√™n mua, h√¨nh ·∫£nh mang TC nh·∫≠n xu",5,phungdung1303,False
389,99152378606707,12131405519,7911426254,5431466,"H√¨nh ·∫£nh v√† video mang t√≠nh nh·∫≠n xu, t·ª´ l√∫c mua t·ªõi gi·ªù m·ªõi d√πng t·ªß ƒëc 2 l·∫ßn n√™n k nh·∫≠n x√©t nhi·ªÅu, mong l√† b·ªÅn",5,meobeo_store,False
390,98501568689432,12131405519,7579933704,120765929,M√°y d√πng ok tuy ki·ªÉu d√°ng ko gi·ªëng v·ªè h·ªôp b√™n ngo√†i. Giao h√†ng ƒë√∫ng l√† h·ªèa t·ªëc lu√¥n,5,huyenduonghai,False
391,98595380308531,12131405519,7641996888,150272817,Qu·∫ßn √°o ·∫©m nhi·ªÅu th√¨ ph·∫£i s·∫•y 3 l·∫ßn 90 ph√∫t m·ªõi t·∫°m kh√¥. N√≥i chung trong th·ªùi ti·∫øt n·ªìm m∆∞a nhi·ªÅu th√¨ v·∫´n c·∫ßn thi·∫øt,5,t*****1,True
392,98445656548633,12131405519,7502312900,43259381,S·∫£n ph·∫©m t·ªët nh√© . M·ªçi ng∆∞·ªùi m√πa m∆∞a ·∫©m th√¨ n√™n mua nh√© qu·∫ßn √°o m·ªèng th√¨ 90' l√† kh√¥ . √Åo kho√°c d·∫ßy th√¨ m ƒë·ªÉ 180' l√† kh√¥ . 5* cho shop,5,q*****h,True
393,92952252099206,12131405519,7006065417,82736044,Mua cho √¥ng b√† ngo·∫°i n√™n kh√¥ng c√≥ h√¨nh ·∫£nh v√† video.  Nh∆∞ng √¥ng b√† b·∫£o m√°y ch·∫°y t·ªët. R·∫•t c·∫ßn thi·∫øt cho gia ƒë√¨nh.  M·ªçi ng∆∞·ªùi n√™n mua ·∫°.  T·∫∑ng 5* ·∫°,5,giahan1502,False
394,99036731383161,12131405519,7601890350,71993695,Chat luong dc minh thay dung dc nha nhung hoi lau xiu thoi dong goi c≈©ng on ·∫°,5,mua.ki.593,False
395,98367645649282,12131405519,7512663277,367622972,"H√†ng giao nhanh d√π d·ªãch, ƒë√≥ng g√≥i trong h·ªôp c·∫©n th·∫≠n, d·ªÖ d√†ng l·∫Øp r√°p,kh bi·∫øt c√≥ b·ªÅn v·ªõi th·ªùi gian kh√¥ng.",5,h*****3,True
396,97424158600921,12131405519,7468726977,20299822,"[QC] Uu dai giam 3-5% khi nap tien dien thoai Viettel tra truoc qua tai khoan ViettelPay. Truy cap https://ViettelPay.onelink.me/2dRm/a1topup hoac bam goi *998# de su dung. Chi tiet LH 18009000 (0d). Tu choi QC, soan TC3 gui 199.",5,nguyentien.262,False
397,98616570538039,12131405519,7507255669,83458782,"H√†ng ƒë√≥ng g√≥i ch·∫Øc ch·∫Øn ƒë·∫ßy ƒë·ªß,shop nhi·ªát t√¨nh,uy t√≠n,ch·∫•t l∆∞·ª£ng ƒë√∫ng gi√° ti·ªÅn",5,ducnghia2610,False
398,98443358203758,12131405519,7522124071,32708017,ƒê√≥ng g√≥i ok,5,thanhhai2685,False
399,90032228169227,12131405519,6653163122,6520140,"Giao h√†ng l√¢u qu√° 
C∆° b·∫£n th√¨ ƒë·∫πp
Nh∆∞ng ph·∫ßn khung nh·ª±a gi√≤n qu√° m·ªõi l·∫Øp ƒë√£ n·ª©t g√£y nh∆∞ng may n·ª©t g√£y ko ·∫£nh h∆∞·ªüng nhi·ªÅu l·∫Øm ƒë·∫øn t·ªß n√™n v·∫´n d√πng t·∫°m ƒë∆∞·ª£c
M√°y s·∫•y th√¨ h∆°i ·ªìn 1 ch√∫t
Ch∆∞a s·∫•y th·ª≠ ko bi·∫øt c√≥ s·∫•y l√¢u kh√¥ hay ko",5,phung.thi.hong,False
400,99050757514801,12131405519,7553541293,393069611,M√°y ch·∫°y ok,5,tiendungx1502,False
401,99003149272692,12131405519,7550664188,140957652,Nh·ªè g·ªçn ch·∫Øc ch·∫Øn kh√° ·ªïn,5,tung_lam102,False
402,103709861566471,12131405519,8354904288,17273575,,5,meconcunto,False
403,98355973385104,12131405519,7780961691,69866132,,5,lamlam170393,False
404,98897845222994,12131405519,7617672781,29908058,,5,h*****7,True
405,98956740517835,12131405519,7622460936,52557392,,5,chipchip2609,False
406,98949908222960,12131405519,7665362447,112573110,,5,l*****4,True
407,98605802344294,12131405519,7498032559,73108379,,5,truongminhtrang229,False
408,96195022286281,12131405519,7254780212,58186175,,5,hoang.minhtam,False
409,89538474348044,12131405519,6532321261,42317748,,5,l*****2,True
410,90410928422813,12131405519,6814076609,51067390,,4,t*****1,True
411,89535607121476,12131405519,6632345957,343357357,,5,,False
412,86670313144909,8278705074,6149244208,60698387,"S·∫£n ph·∫©m t·ªët 
Nh∆∞ h√¨nh ƒëƒÉng.
Ship nhanh 1 n√†y n·∫øu b·∫°n ·ªü hn",5,1tuananh,False
413,92059610312670,8278705074,6792179076,265902969,"Giao ƒë√∫ng s·ªë l∆∞·ª£ng . ƒê√≥ng h·ªôp ch·∫Øc ch·∫Øn , c√≥ th∆∞ c·∫£m ∆°n . M√≥c treo ho√†n thi·ªán t·ªët , c·∫ßm ch·∫Øc ch·∫Øn , l·∫´y kho√° t·ªët",5,hwangkuong,False
414,83560569267058,8278705074,5833078386,36400049,"ƒê√£ nh·∫≠n ƒë∆∞·ª£c h√†ng, ch·∫•t l∆∞·ª£ng ok, s·∫Ω ·ªßng h·ªô shop ti·∫øp",5,huy.lq,False
415,94286610376285,8278705074,7110885373,128241724,,5,danmy0403,False
416,92943520302864,8278705074,6931381453,48519939,,5,nhockutepro79,False
417,94709051590298,8278705074,7187296269,141467412,,5,hieu761994,False
418,92989324362305,13258139271,6988181206,81640799,"Kh·ªëi tƒÉng ,kh·ª≠ t·ª´ t·ªët.shop ƒë√≥ng g√≥i c·∫©n th·∫≠n giao h√†ng nhanh. Shop nhi·ªát t√¨nh uy t√≠n 5*",5,congtusamac,False
419,98648897223188,13258139271,7558579979,180033591,"Ch·∫•t l∆∞·ª£ng s·∫£n ph·∫©m tuy·ªát v·ªùi, r·∫•t ƒë√°ng ti·ªÅn, th·ªùi gian giao h√†ng nhanh",5,j*****u,True
420,92984272061269,13258139271,6904272171,125278509,"M√¨nh ch∆∞a th·ª±c s·ª± hi·ªÉu c∆° ch·∫ø nh∆∞ng d√πng r·∫•t ok, d·ªßng c√πng b·ªô tua v√≠t c·ªßa shop h√¨ h·∫øt n∆∞·ªõc ch·∫•m",5,anhakira123,False
421,92950730587698,13258139271,6893086585,240564411,M√¨nh ƒë√£ nh·∫≠n ƒë∆∞·ª£c h√†ng r·ªìi ·∫°. Giao h√†ng r·∫•t nhanh. M√¨nh ƒë√°nh gi√° cao ƒëi·ªÅu n√†y. C√≤n ch·∫•t l∆∞·ª£ng th√¨ m√¨nh ch∆∞a th·ª≠ n√™n ch∆∞a bi·∫øt. C·∫£m ∆°n shop ·∫°,5,anhkhang11223344,False
422,92850257460373,13258139271,6966895732,391864828,"Shop giao h√†ng nhanh, ƒë√≥ng g√≥i c·∫©n th·∫≠n, h√†ng ch√≠nh h√£ng. Sp ƒë√∫ng m√¥ t·∫£, r·∫•t ƒë√°ng mua.",5,v0lp8xfiu7,False
423,94675161296055,13258139271,7190956283,19809934,Gi√° r·∫ª h√†ng t·ªët g·ªçn nh·∫π s·ª≠ d·ª•ng hi·ªáu qu·∫£. ∆Øng √Ω v·ªõi s·∫£n ph·∫©mmmmmm,5,supermia,False
424,92859269397561,13258139271,6880588361,182641849,Kh·ªëi tƒÉng t·ª´ v√† kh·ª≠ t·ª´ tua v√≠t n√™n mua c√πng b·ªô tua v√≠t ƒëa nƒÉng. Ch·∫•t l∆∞·ª£ng t·ªët.,5,bongkhanhlinh2017,False
425,92984501167257,13258139271,6900573980,157527347,"San ph·∫©m t·ªët, gi√° r·∫ª minh ƒë√°nh gi√° n√≥ t·ªët , giao hang nhanh ƒë√≥ng goi ch·∫Øc chƒÉn hai long l√¢n s ·ªßng h·ªô",5,duongthaoxinh,False
426,93007731573332,13258139271,6930808412,16042366,"Ch∆∞a th·ª≠, ƒëang ƒë·ªÉ khi n√†o c√≥ th·ªùi gian m·ªõi test ƒë∆∞·ª£c. C·∫£m ∆°n shop ƒë√£ t·∫∑ng qu√†",5,trandongk58,False
427,92895182178770,13258139271,6896189822,163458179,Shope giao h√†ng nhanh d√πng ok r·∫•t ƒë√°ng mua,5,xhuong93,False
428,93429173349720,13258139271,7101339250,358814523,okkkkkkkkkkkkkkkkkkk ƒë·∫πp nh·ªè g·ªçn d·ªÖ s·ª≠ d·ª•ngggggggggggggggg,5,n*****n,True
429,98711222247140,13258139271,7595776926,173122374,"H√†ng oke, tƒÉng v√† kh·ª≠ t·ª´ ƒë∆∞·ª£c, giao h√†ng nhanh
Nh∆∞ng c√≥ 1 s·ªë lo·∫°i tua v√≠t ch·ªâ tƒÉng v√† gi·∫£m m√† k kh·ª≠ t·ª´ ho√†n to√†n ƒë∆∞·ª£c",5,silentlybesideyou2k,False
430,92931861485550,13258139271,6986062377,199525279,Sp t·ªët nam ch√¢m vƒ©nh c·ª≠u tks shop,5,xamdamdangg,False
431,109851601158512,13258139271,8853704077,37023469,"S·∫£n ph·∫©m ok, d√πng ƒë∆∞·ª£c ƒë√∫ng ch·ª©c nƒÉng nh∆∞ qu·∫£ng c√°o. Giao h√†ng nhanh",5,dinh.tuan,False
432,101034124271508,13258139271,7897689578,55819847,Cc jk ƒë√≥ l√†m vi·ªác cho c√°c b·∫°n √Ω c·ª© mua v·ªÅ ƒë·ªÉ l√†m vi·ªác th√¨ ph·∫£i c√≥ c√°i g√¨ c≈©ng n√™n c√≥ c√°i n√†o l√† kh√¥ng c√≥ g√¨ l√† l·∫° ƒë√¢u c√≥ ai bi·∫øt ƒë√¢u l√† ƒë√∫ng r c√≤n g√¨ ƒë·ªÉ,5,traucon11,False
433,93542885563459,13258139271,6989115361,34906705,"ƒê√≥ng g√≥i ch·∫Øc ch·∫Øn, giao h√†ng nhanh, shop nhi·ªát t√¨nh l·∫Øm nh√©. S·∫Ω gi·ªõi thi·ªáu b·∫°n b√® mua ·ªßng h·ªô th√™m ·∫°. H√†ng shopee mall th√¨ y√™n t√¢m l·∫Øm lu√¥n, m·ªçi ng∆∞·ªùi n√™n mua nha^^k",5,h*****8,True
434,93333679190434,13258139271,7131488602,50006215,S·∫£n ph·∫©m c·ªßa shop ƒë∆∞·ª£c t·∫∑ng k√®m th√™m n√™n kh√¥ng bi·∫øt d√πng nh∆∞ n√†o.thanks shop,5,t*****a,True
435,102734876519457,13258139271,8161704767,155981137,"Ch·ªâ d√πng ƒë∆∞·ª£c cho v√†i lo·∫°i th√¢n tua v√≠t, c·∫ßn tham kh·∫£o kƒ© v·ªõi shop tr∆∞·ªõc khi mua",4,vinhsaigon09,False
436,98071260226340,13258139271,7533959524,553334585,m√¨nh th·∫•y n√≥ tƒÉng  t·ª´ kh√° t·ªët n√™n mua,5,tunhuynguyn863,False
437,94541235240516,13258139271,7171383710,151202133,( ·∫£nh v√† video ch·ªâ mang t√≠nh ch·∫•t nh·∫≠n xu( ·∫£nh v√† video ch·ªâ mang t√≠nh ch·∫•t nh·∫≠n xu( ·∫£nh v√† video ch·ªâ mang t√≠nh ch·∫•t nh·∫≠n xu,1,t*****5,True
438,109579662692311,13258139271,8756247198,43500102,,5,hippo001,False
439,103376773653517,13258139271,8109389494,622166841,,5,ho_tam_97,False
440,97424392610739,13258139271,7439034308,295188978,,5,vkc3hr5eh4,False
441,92965757316360,13258139271,6931043739,46638770,,5,tran_van_tuyen,False
442,92952252099206,13258139271,7006065426,82736044,,5,giahan1502,False
443,94059187216744,13258139271,7094403314,50052669,,5,anh190598,False
444,92987613344393,13258139271,6903934957,49786205,,5,meohaitac,False
445,92766093083498,13258139271,6862818284,583919357,,5,s6hj8x_pc8,False
446,83079818425279,8576405998,5766236746,93318587,"D√≤ ƒë∆∞·ª£c c√≥ ƒëi·ªán hay kh√¥ng, b√°c n√†o nh√† b·ªã chu·ªôt c·∫Øn d√¢y d√≤ ph√°t ra ngay",5,jdskhong,False
447,92984272061269,8576405998,6904272169,125278509,"M√¨nh ch∆∞a r√µ c∆° ch·∫ø nh∆∞ng b√∫t c√≥ th·ªÉ ph√°t hi·ªán ch·ªó r√≤ ƒëi·ªán c√≥ ƒëi·ªán, m√¨nh ƒë·ªÉ s√°t d√¢y ƒëi·ªán b·ªçc d√π ko b·ªã g√¨ nh∆∞ng v·∫´n k√™i ƒë·ªÉ th√¥ng b√°o l√† c√≥ ƒëi·ªán.
N√≥i chung d√πng r·∫•t ok, c√≥ c·∫£ ƒë√®n soi.",5,anhakira123,False
448,103736487326663,8576405998,8149026516,13183095,"B√∫t d√≤ ƒëi·ªán n√†y ch√°n kinh √°, ch·ªìng tui mua v·ªÅ xong qu·∫πt t√¥i c·∫£ ng√†y, ·ªïng th√≠ch qu√° üòå",5,huongcoffee99,False
449,94675161296055,8576405998,7190956281,19809934,"H√†ng t·∫∑ng :)) d√≤ th·ª≠ c≈©ng vui vui. Led xanh led ƒë·ªè b√°o, c√≥ ƒë√®n led tr·∫Øng üëå",5,supermia,False
450,92989324362305,8576405998,6988181201,81640799,"B·ªßa d√≤ ƒëi·ªán nh·ªè g·ªçn ti·ªán d·ª•ng,c√≥ ƒë√®n soi ƒë·∫ßu b√∫t.ch·∫•t l∆∞·ª£ng t·ªët.shop ƒë√≥ng g√≥i c·∫©n th·∫≠n.shop uy t√≠n 5*",5,congtusamac,False
451,94225727397384,8576405998,7079511970,44517334,"Shop ƒë√≥ng g√≥i ch·∫Øc ch·∫Øn
C√≥ qu√† t·∫∑ng k√®m
H∆∞·ªõng d·∫´n t·∫≠n t√¨nh
M√¨nh mong l√† s·∫£n ph·∫©m d√πng t·ªët v√† b·ªÅn
C√°m ∆°n shop",5,maibee.20,False
452,92850257460373,8576405998,6966895727,391864828,"Shop giao h√†ng nhanh, ƒë√≥ng g√≥i c·∫©n th·∫≠n, ch√≠nh h√£ng. Sp ƒë√∫ng m√¥ t·∫£, r·∫•t c·∫ßn khi t√¨m d√¢y ƒë·ª©t, d√≤ ƒëi·ªán.",5,v0lp8xfiu7,False
453,93007731573332,8576405998,6930808405,16042366,"Ch∆∞a th·ª≠, ƒëang ƒë·ªÉ khi n√†o c√≥ th·ªùi gian m·ªõi test ƒë∆∞·ª£c. C·∫£m ∆°n shop ƒë√£ t·∫∑ng qu√†",5,trandongk58,False
454,92859269397561,8576405998,6880588360,182641849,"B√∫t d√≤ ƒëi·ªán nh√¨n x·ªãn x√≤, ch·∫Øc ch·∫Øn. R·∫•t Ok m·ªçi ng∆∞·ªùi nha!!!!!!",5,bongkhanhlinh2017,False
455,92931861485550,8576405998,6986062370,199525279,B√∫t th·ª≠ ƒëi·ªán R·∫•t ti·ªán ·∫° hihihi tks shop nhi·ªÅu,5,xamdamdangg,False
456,92942036088288,8576405998,6914348875,30052280,"Sp kh√° h·ªØu d·ª•ng, gi√° t·ªët, shop support nhanh, r·∫•t ƒë√°ng mua",5,c*****6,True
457,83094247669665,8576405998,5795432626,140466012,"Giao h√†ng nhanh , ƒë√≥ng g√≥i ch·∫Øc ch·∫Øn ,ch·∫•t l∆∞·ª£ng t·ªët . S·∫Ω ·ªßng h·ªô shop d√†i d√†i ‚ù§Ô∏è‚ù§Ô∏è‚ù§Ô∏è",5,daothuyhanh94,False
458,94308348108223,8576405998,7098483552,231157057,"S·∫£n ph·∫©m r·∫•t xinh ƒë·∫πp tuy·ªát v·ªùi, t√¥i kh√¥ng th·ªÉ tr√¥ng ƒë·ª£i g√¨ h∆°n. C·∫£m ∆°n nh√† cung c·∫•p, nh√† s·∫£n xu·∫•t, c·∫£m ∆°n ng∆∞·ªùi b√°n h√†ng, c·∫£m ∆°n s√†n th∆∞∆°ng m·∫°i ƒëi·ªán t·ª≠, c·∫£m ∆°n ng∆∞·ªùi v·∫≠n chuy·ªÉn ƒë·ªÉ t√¥i c√≥ c∆° h·ªôi d√πng s·∫£n ph·∫©m t·ªët nh∆∞ th·∫ø n√†y.",5,m*****n,True
459,108635017556412,8576405998,8690507177,508906804,"Shop giao ƒë√∫ng h√†ng ,giao h√†ng t∆∞∆°ng ƒë·ªëi nhanh.ƒê√≥ng g√≥i ch·∫Øc ch·∫Øn v√† ƒë·∫πp .Ch·∫•t l∆∞·ª£ng ok.",5,linhh20100,False
460,103958715648448,8576405998,8139223952,635676660,,5,xuandung100507,False
461,96206710511935,8576405998,7380016874,19675988,,5,phuongbvdkkvt,False
462,94383844016113,8576405998,7084164956,12086621,,5,dangphuong118,False
463,93357058339937,8576405998,6998192200,114697436,,5,huyen11115,False
464,92965757316360,8576405998,6931043735,46638770,,5,tran_van_tuyen,False
465,92952252099206,8576405998,7006065421,82736044,,5,giahan1502,False
466,94695585167945,8576405998,7116015895,33970751,,5,duyngoc1391,False
467,96031229566102,8576405998,7274846571,182389146,,5,tonglequangtung,False
468,93710445483805,8576405998,7052344734,87130394,,5,saocuatoi1,False
469,93270316450606,8576405998,6993694190,370614046,,5,nguyenthanhdong93hy,False
470,94059187216744,10625296447,7094403312,50052669,Giao h√†ng l√¢u c·ª±c mmmmmmmmmmmmmmmmmmmmmmmmmmmmnnnnnnnmmmmmmm,5,a*****8,True
471,90297156254776,10625296447,6675923525,303681008,Mua v·ªÅ th√¨ l·∫°i ch∆∞a l·∫°nh l·∫Øm n√≥i chung Shopee mall th√¨ y√™n t√¢m r·ªìi c√≤n r·∫ª h∆°n h√†ng ngo√†i n·ªØa n√™n mua nh√© m·ªçi ng∆∞·ªùi,5,tuoicaychonhau,False
472,98562031642988,10625296447,7629246285,173366659,"M√°y ch·∫°y kh√° √™m, ·∫•m v·ª´a ƒë·ªß, h∆°i ch√≥i m·∫Øt ch√∫t, nh∆∞·ª£c ƒëi·ªÉm l√† d√¢y c·∫Øm kh√° ng·∫Øn, c√≤n l·∫°i ok giao h√†ng nhanh",5,n*****5,True
473,98439185318756,10625296447,7500901422,43909113,"ƒê√®n s∆∞·ªüi nh·∫π, c·∫£m gi√°c h∆°i ph√≤ng ph√†nh. L√†m n√≥ng nhanh nh∆∞ng ch·ªâ ·∫•m khi ng·ªìi ƒë·ªëi di·ªán, s·ª©c n√≥ng kh√¥ng lan to·∫£ xung quanh.",5,o*****n,True
474,98805540299691,10625296447,7607770717,170947804,"S·∫£n ph·∫©m y h√¨nh, d√πng ·∫•m, gi√° r·∫ª r·∫•t h√†i l√≤ng, gi·ªëng v·ªõi review tr√™n tiktok.",5,ngvungmai,False
475,93542885563459,10625296447,6989115357,34906705,"ƒê√≥ng g√≥i ch·∫Øc ch·∫Øn, giao h√†ng nhanh, shop nhi·ªát t√¨nh l·∫Øm nh√©. S·∫Ω gi·ªõi thi·ªáu b·∫°n b√® mua ·ªßng h·ªô th√™m ·∫°. H√†ng shopee mall th√¨ y√™n t√¢m l·∫Øm lu√¥n, m·ªçi ng∆∞·ªùi n√™n mua nha^^",5,h*****8,True
476,92987613344393,10625296447,6903934955,49786205,Ch∆∞a d√πng n√™n ch∆∞a bi·∫øt th·∫ø n√†o nh∆∞ng nh√¨n chung s·∫£n ph·∫©m ph√π h·ª£p gi√° ti·ªÅn,5,meohaitac,False
477,92324105568031,10625296447,6994136071,334578864,"ƒê√®n nh·∫π, ƒë·ª©ng v·ªØng. ·∫§m nhanh. Ti·∫øc d√¢y ƒëi·ªán ng·∫Øn qu√°, v·ªõi giao h√†ng si√™u l√¢u lu√¥n.",5,t*****5,True
478,93333679190434,10625296447,7131488600,50006215,ƒê√®n s∆∞·ªüi y h√¨nh.gi√° h·ª£p l√≠.shop g√≥i gi·∫•y ch·ªëng s·ªëc ch√¢n h∆°i y·∫øu.nv t∆∞ v·∫•n nhanh nhi·ªát t√¨nh.s·∫Ω ·ªßng h·ªô l·∫ßn sau n·∫øu c√≥ nhu c·∫ßu,5,t*****a,True
479,94751957527409,10625296447,7124875734,25028214,,5,camtu2507,False
480,95959380316923,10625296447,7267145846,83521104,,5,kieungochien2000,False
481,93882035387605,8980333197,7019200627,42634360,"H√†ng ƒë√∫ng nh∆∞ m√¥ t·∫£, giao h√†ng nhanh, m·ªõi ƒë·∫∑t 1 h√¥m ƒë√£ nh·∫≠n ƒë∆∞·ª£c.",5,hieunguyen23896,False
482,80794895154842,8980333197,5498978187,20223536,"Ti·ªán l·ª£i, m√≥c theo ch√¨a kho√° ƒëi ƒë√¢u c·∫ßn g·∫•p c√≥ c√°i l·∫•y ra x√†i ...",5,dogiadunggiare4294,False
483,93866874377092,8980333197,7018529238,214456278,"M·ªõi ƒë·∫∑t h√¥m kia m√† s√°ng nay ƒë√£ th·∫•y a  shiper ƒë·ª©ng c·ªïng r·ªìi. ƒê·ªì b·∫±ng th√©p , ch·∫Øc ch·∫Øn  , th·ª≠ v·∫∑n m·∫•y con ·ªëc c·ª©ng m√† ko h·ªÅ h·∫•n g√¨. Sp ƒëc √°",5,tuank9cnhn,False
484,101054734315283,8980333197,7802465082,44981821,,4,hoanganh963,False
485,83609311391954,8980333197,5931868330,112722268,,5,maivi182,False
486,105359620580842,5693447202,8288542189,153445473,,5,ngoclantb_tb12,False
487,94042548500459,5693447202,7062814514,36350436,,5,bebong13,False
488,81774899217759,5693447202,5593265142,33192043,,5,tranducmanh23091993,False
489,83342635026435,5693447202,5878008350,64842908,,5,tuong131995,False
490,108653670211528,7497270697,8699777006,760811893,Ch·∫•t l∆∞·ª£ng s·∫£n ph·∫©m:c√≥ ƒëi·ªÅu m√¨nh ko hai h√†i l√≤ng v·ªÅ s·∫£n ph·∫©m n√†y l·∫Øm b·ªüi v√¨ n√≥ r·∫•t l√πn n√™n ko th·ªÉ b·ªè ly v√†o l·∫°i ƒëc,2,quocanhtran799,False
491,104777084237839,7497270697,8236517237,72490429,,5,davidsang124,False
492,101258100547473,7497270697,7816360494,165875672,,5,t*****3,True
493,91804635511562,7497270697,6763415255,51109739,,5,lengochanlinh,False
494,89832928132487,7497270697,6548580335,142554429,,5,bachtrongphi,False
495,82443796575268,10424180267,5737454980,81640799,"ƒê√®n r·∫•t x·ªãn s√≤, nh·ªè g·ªçn ,ti·ªán d·ª•ng. Soi ti·ªÅn gi·∫£ hi·ªáu qu·∫£. Ch·∫•t l∆∞·ª£ng tuy·ªát v·ªùi, shop ƒë√≥ng g√≥i c·∫©n th·∫≠n giao h√†ng nhanh, gi√° c·∫£ h·ª£p l√Ω. Shop uy t√≠n 5*",5,congtusamac,False
496,98692012206766,10424180267,7593317824,153920763,"ch·∫•t l∆∞·ª£ng ƒë√®n ·ªïn nh∆∞ng b√™n ngo√†i h∆°i b·ªã bong tr√≥c s∆°n, nh√¨n c≈©",5,q*****g,True
497,91586301424212,10424180267,6764019082,12571222,"H∆°i ·ªçp ·∫πp, √°nh s√°ng h∆°i y·∫øu",3,kiettrantuan,False
498,83740771013611,10424180267,5842693182,680796,nh·∫≠n h√†ng ko c√≥ pin           ....................................,3,hoamy1795,False
499,98648897223188,8873302415,7558579960,180033591,"Ch·∫•t l∆∞·ª£ng s·∫£n ph·∫©m tuy·ªát v·ªùi, r·∫•t ƒë√°ng ti·ªÅn, th·ªùi gian giao h√†ng nhanh",5,j*****u,True
500,87552180420832,8873302415,6282139657,199525279,"K√¨m s·∫Øc , giao h√†ng nhanh",5,xamdamdangg,False
501,109835104152735,8873302415,8803173974,234808339,"Ch·∫•t l∆∞·ª£ng s·∫£n ph·∫©m:k√¨m r·∫•t b√©n, nh·ªè g·ªçn

d·ªÖ s·ª≠ d·ª•ng, ƒë·∫πp",5,hoaruoi.04,False
502,105244432365911,8873302415,8277656943,454842728,,5,hhuytan01,False
503,100697018309686,10518741462,7758009942,285584659,"Gia c√¥ng kh√¥ng ƒë·∫πp l·∫Øm, phoi c√≤n d√≠nh tr√™n s·∫£n ph·∫©m, nh∆∞ng nh√¨n chung l√† c≈©ng ƒë√°ng ti·ªÅn.",5,l*****7,True
504,87568532330353,10518741462,6323355912,59053814,h√†ng ok,5,n*****u,True
505,82110973207155,3694173158,5641071323,206737187,,5,uno300789,False
506,106290354600110,11027945806,8403041650,18492086,"S·∫£n ph·∫©m ƒë√≥ng g√≥i c·∫©n th·∫≠n, s·∫£n ph·∫©m ƒë·∫πp, t·ªët, s·∫Ω mua ti·∫øp l·∫ßn sau.",5,nguyenducbao89,False
507,106549941602746,11027945806,8419538043,194093736,"M≈©i v√≠t ch·∫•t l∆∞·ª£ng t·ªët, t·ª´ t√≠nh cao, giao h√†ng nhanh nh∆∞ h·ªèa t·ªëc, v·ª´a h√¥m qua ƒë·∫∑t h√†ng s√°ng nay nh·∫≠n ƒëc lu√¥n",5,anhdang22397,False
508,86016663060931,7896661593,6227232878,145317690,,5,hsisjsnysjsn,False
509,87946983472780,11243729761,6493876293,81927779,,1,nhuhoa1978,False
510,94225727397384,12501059814,7079511972,44517334,"Shop ƒë√≥ng g√≥i ch·∫Øc ch·∫Øn
C√≥ qu√† t·∫∑ng k√®m
H∆∞·ªõng d·∫´n t·∫≠n t√¨nh
M√¨nh mong l√† s·∫£n ph·∫©m d√πng t·ªët v√† b·ªÅn
C√°m ∆°n shop",5,maibee.20,False
511,93824047507751,12501059814,7081123813,18643114,,5,lap.phamduc.cnt,False
512,85219501233523,10932503464,6359528554,45416691,Shop phan h·ªìi tn ch·∫≠m.m√°y ch·∫°y nhanh n√≥ng,4,nganbt,False
513,96728426443535,10932503464,7350757745,33582681,,5,chinhxd3,False
514,102757417319995,14440230849,8084170546,234467319,Ok,5,hoangemnum,False
515,103009799556387,14440230849,8047621085,685100527,,5,gy1046tu7w,False
516,110698291104092,21314571337,8881012651,228138456,,5,phungtuan431,False
517,95600108295703,14034058466,7205492678,25407961,"Shop ƒë√≥ng g√≥i c·∫©n th·∫≠n, giao h√†ng si√™u nhanh. ƒê√£ d√πng th·ª≠ ƒë·ªÉ kh·ª≠ m√πi nh·ª±a th√¨ th·∫•y m√°y ch·∫°y √™m, m√πi nh·ª±a ko qu√° n·ªìng. L·∫ßn ƒë·∫ßu mua h√†ng c·ªßa shop th·∫•y c·ª±c k·ª≥ y√™n t√¢m. S·∫Ω ·ªßng h·ªô shop l·∫ßn sau.",5,thumayy.109,False
518,95883826174928,14034058466,7257718501,34507256,R·∫ª. Chi√™n th·ª≠ khoai kh√° ok. Giao h√†ng nhanh. Shop h·ªó tr·ª£ nhi·ªát t√¨nh,5,linhdkhpharmacy,False
519,95595959096248,14034058466,7208606859,153276976,"H√†ng chu·∫©n, n·∫•u nhanh. M√¨nh n∆∞·ªõng th·ª≠ c·ªß khoai, ƒë·∫∑t 15 ph√∫t l√† ch√≠n th∆°m ph·ª©c. ·ª¶ng h·ªô shop",5,leminhdao95,False
520,95883775258407,14034058466,7222813876,335814020,"H√†ng ƒë·∫πp x·ªãn x·ªãn
Nh√¨n m√™ m·∫©n lu√¥n
∆Øng qu√° l√† ∆∞ng
100ƒë lu√¥n
Giao h√†ng c·ª±c nhanh
S·∫Ω ·ªßng h·ªô ti·∫øp",5,,False
521,100676057655137,14034058466,7762009224,483467998,"N·ªìi ship ho·∫£ t·ªëc n√™n nh·∫≠n ƒë∆∞·ª£c h√†ng s·ªõm, m·ªõi ƒë·∫ßu c√≥ m√πi nh·ª±a nh∆∞ng r·ª≠a qua n∆∞·ªõc s·∫°ch l√† h·∫øt m√πi lu√¥n. Ch·∫ø bi·∫øn c√°c m√≥n n∆∞·ªõng, chi√™n c·ª±c k√¨ ngon, rcm n√™n mua nh√©",5,_quynhhuonggg30,False
522,99044594284450,14034058466,7567105360,449305753,"G√≥i h√†ng siu ch·∫Øc ch·∫Øn, n·ªìi tr√¥ng x·ªãn c√≥ th·ª≠ l√†m rui uki l√©müíû giao h√†ng siu nhanh lun huhu iuuu",5,d*****i,True
523,96619308433868,14034058466,7608113795,51685466,"N·ªìi 7 l√≠t nh∆∞ng th·ª±c nh·∫≠n c≈©ng ch·ªâ ngang v·ªõi n·ªìi 5l√≠t, ch·∫•t li·ªáu v√† h√¨nh th·ª©c ch∆∞a ƒëc long lanh l·∫Øm, nhi·ªát c·ªßa n·ªìi th·∫•p h∆°n so v·ªõi m·ª©c nhi·ªát ƒë∆∞·ª£c ghi. Tuy nhi√™n d·ªãch v·ª• c·ªßa shop t·ªët, t∆∞ v·∫•n nhi·ªát t√¨nh v√† ship nhanh, nchung n·ªìi ph√π h·ª£p v·ªõi m·ª©c gi√°",5,maihuong.vmh,False
524,96027259170176,14034058466,7260110491,119446109,"ƒê√≥ng h√†ng c·∫©n th·∫≠n, giao h√†ng nhanh, ƒë√£ chi√™n th·ª≠ khoai t√¢y, th·∫•y c≈©ng ·ªïn ·∫°!",5,nguyenphuongngan1206,False
525,96970365250319,14034058466,7421131342,17779664,"Ch∆∞a s·ª≠ d·ª•ng n√™n kg bi·∫øt m√°y nh∆∞ n√†o. Nh∆∞ng nh√¨n ok, m·ªü ra th√¨ h∆°i h√¥i m√πi nh·ª±a x√≠u",5,yen_nhi_le19,False
526,100073124372526,14034058466,7727917315,434496205,R·∫•t t·ªët ch·∫•t l∆∞·ª£ng cao nh∆∞ng h∆°i nh·ªè v√† kh ƒëc nh∆∞ √Ω l·∫Øm m√† x·ª©ng ƒë√°ng n√™n mua,5,mytien2790o,False
527,105444035239981,14034058466,8367517204,53489576,,5,linhsoi93,False
528,99446634237111,14034058466,7632439865,564307649,,5,oanhhoang2605,False
529,97684534642644,14034058466,7518567324,527387927,,5,l*****6,True
530,110559081198906,19418396829,8876104854,68465809,"H√†ng ch√≠nh h√£ng c·ª±c k√¨ ƒë·∫πp, s·∫Øc n√©t, c·ª±c m·∫°nh, c∆° b·∫£n l√† r·∫•t h√†i l√≤ng",5,thidv,False
531,110537061184635,19418396829,8896568578,27457332,H√†ng √™m l·∫Øm shop. Mua 1 c√°i √Ω v·∫≠y shop kh√°c ƒë√£ h∆∞. Mua c√°i shop v·ªÅ th·∫•y n·∫∑ng h∆°n. M·∫°nh h∆°n r√µ r√†ng. 5**** * nh√°,5,kienmobike,False
532,110635470121321,19418396829,8881037779,418688229,"M·∫´u m√£ ƒë·∫πp, nh·ªè g·ªçn, ti·ªán l·ª£i
ƒë√£ test th·ª≠ v√† th·∫•y c√¥ng su·∫•t h·ª£p l√Ω cho c√°c b·∫°n c·∫ßn khoan nh·∫π ho·∫∑c b·∫Øt v√≠t
gi√° th√†nh c≈©ng h·ª£p l√Ω",5,canosa.official,False
533,108314255500160,16754634237,8632581449,82778253,"G√≥i h√†ng kh√¥ng ch·∫Øc ch·∫Øn! B√≥c ra th√¨ h·ªôp b·ªã h·ªü v√† r∆°i ƒëi 1 m≈©i s·ªë 1
Ch·∫•t l∆∞·ª£ng ch∆∞a th·ª≠",1,miloduy,False
534,95883826174928,14735043567,7257718502,34507256,Qu√† t·∫∑ng k√®m n·ªìi chi√™n. R·∫•t ti·ªán d·ª•ng. Giao h√†ng nhanh. Okkkkk,5,linhdkhpharmacy,False
535,101051031211078,14735043567,8100730878,38991051,M√¨nh t·ª´ng mua 1 chai x·ªãt c·ªßa shop kh√°c v√† k·∫øt qu·∫£ l√† v·ª©t ƒëi k d√πng dc. Chai c·ªßa shop x·ªãt r·∫•t th√≠ch lu√¥n. C·∫£m ∆°n shop nhi·ªÅu,5,p*****4,True
536,100928298506991,14735043567,7796122557,148984886,"Giao h√†ng nhanh, ƒë√≥ng g√≥i c·∫©n th·∫≠n, s·∫£n ph·∫©m r·∫•t h·ªØu d·ª•ng, gi√° c·∫£ h·ª£p l√Ω, nh√¨n b√™n ngo√†i c√≤n x·ªãn h∆°n tr√™n ·∫£nh",5,d*****9,True
537,95883775258407,14735043567,7222813879,335814020,"ƒê·∫πp x·ªãn
Nh√¨n sang qu√°
H√†ng x·ªãn ch·∫•t l∆∞·ª£ng
C·∫£m ∆°n shop nh√©
Tuy·ªát v·ªùi gh√™
Iu iu",5,,False
538,102271496602416,14735043567,7926986405,34417514,"B√¨nh x·ªãt ·ªïn, giao h√†ng nhanh, gi√° h·ª£p l√≠. S·∫Ω mua l·∫°i l·∫ßn sau. X·ªãt ƒëc d·∫ßu",5,k*****6,True
539,105382971367728,14735043567,8285119420,19623632,,5,h*****5,True
540,100598735597171,14735043567,7730086137,40355101,,5,kidlove94bn,False
541,96619308433868,14735043567,7608113797,51685466,,5,maihuong.vmh,False
542,96027259170176,14735043567,7260110498,119446109,,5,nguyenphuongngan1206,False
543,94999518291337,9889738470,7158420155,30104731,M√°y kh√° y·∫øu ch·ªâ ph·ª• h·ª£p v·ªõi b·∫Øn v√≠t ch·ª© khoan t∆∞·ªùng khoan s·∫Øt b·∫Øn ·ªëc th√¨ k th·ªÉ,3,abcthanh,False
544,110537061184635,20815044492,8896568583,27457332,,5,kienmobike,False
545,94955147505107,8896093319,7173093469,87932435,S·∫£n ph·∫©m nh∆∞ qu·∫£ng c√°o.shop ƒë√≥ng g√≥i c·∫©n th·∫≠n.kh√° l√† ·ªïn so v·ªõi gia,5,gia.....huy,False
546,110972455121431,8896093319,8964697272,46422822,Ngo√†i nh√¨n h∆°i b√©,5,sihan168,False
547,104407549698826,8896093319,8197948476,82632567,,4,vortiminh,False
548,102386831581966,8896093319,7925078755,102987092,,5,caoluong95,False
549,95886337190784,8896093319,7243243978,95516074,,5,h*****1,True
550,105438084596588,14308808215,8577521399,336716947,Ch·∫•t l∆∞·ª£ng s·∫£n ph·∫©m t·ªët giao h√†ng nhanh ch√≥ng ·ªßng h·ªô shop l·∫ßn sau,5,phongadc,False
551,101034124271508,14308808215,7897689582,55819847,Cc jk ƒë√≥ l√†m vi·ªác cho c√°c b·∫°n √Ω c·ª© mua v·ªÅ ƒë·ªÉ l√†m vi·ªác th√¨ ph·∫£i c√≥ c√°i g√¨ c≈©ng n√™n c√≥ c√°i n√†o l√† kh√¥ng c√≥ g√¨ l√† l·∫° ƒë√¢u c√≥ ai bi·∫øt ƒë√¢u l√† ƒë√∫ng r c√≤n g√¨ ƒë·ªÉ,5,traucon11,False
552,105885917276989,14308808215,8334588346,37237000,,5,namphong_bon,False
553,104169463215011,14308808215,8165593029,42721346,,5,duytrung89,False
554,103372035324034,14308808215,8103322976,73518199,,5,minhtan111991,False
555,103728486294318,14308808215,8129403248,101116979,,5,k.e.p_shop,False
556,109682594154289,2977672669,8794322024,402214353,Th∆∞·ªõc b·ªã ch·∫£y r·ªâ s√©t t·ª´ ·ªëc v√≠t.,3,tieuphu88,False
557,103964991326088,2977672669,8125478419,46395271,"ƒê√≥ng g√≥i c·∫©n th·∫≠n, s·∫£n ph·∫©m ch·∫•t l∆∞·ª£ng ok",5,hiendatbee,False
